epoch,iso,cpu_pct,load1,mem_total_mib,mem_avail_mib,mem_used_mib,mem_used_pct,swap_used_mib,temp_max_c ,net_macsec0_rx_mbps,net_macsec0_tx_mbps,net_macsec0_total_mbps,net_macsec0_rx_pps,net_macsec0_tx_pps,net_macsec0_rx_errors_s,net_macsec0_tx_errors_s,net_macsec0_rx_drops_s,net_macsec0_tx_drops_s ,net_enp2s0_rx_mbps,net_enp2s0_tx_mbps,net_enp2s0_total_mbps,net_enp2s0_rx_pps,net_enp2s0_tx_pps,net_enp2s0_rx_errors_s,net_enp2s0_tx_errors_s,net_enp2s0_rx_drops_s,net_enp2s0_tx_drops_s ,net_enp1s0_rx_mbps,net_enp1s0_tx_mbps,net_enp1s0_total_mbps,net_enp1s0_rx_pps,net_enp1s0_tx_pps,net_enp1s0_rx_errors_s,net_enp1s0_tx_errors_s,net_enp1s0_rx_drops_s,net_enp1s0_tx_drops_s
1781801580.750516117,2026-06-18T16:53:00+00:00,0.980,0.11,7783.762,7271.375,512.387,6.583,0.000,48.00,0.004768,0.007912,0.012680,10.000000,8.000000,0.000000,0.000000,0.000000,0.000000,0.010208,0.009960,0.020168,16.000000,8.000000,0.000000,0.000000,0.000000,0.000000,0.007912,0.007648,0.015560,8.000000,16.000000,0.000000,0.000000,0.000000,0.000000
1781801581.976510784,2026-06-18T16:53:01+00:00,4.723,0.11,7783.762,7269.410,514.352,6.608,0.000,49.00,0.007744,0.014152,0.021896,16.000000,15.000000,0.000000,0.000000,1.000000,0.000000,0.015856,0.017992,0.033848,23.000000,15.000000,0.000000,0.000000,0.000000,0.000000,0.014632,0.010592,0.025224,16.000000,22.000000,0.000000,0.000000,0.000000,0.000000
1781801583.259041205,2026-06-18T16:53:03+00:00,5.894,0.11,7783.762,7267.457,516.305,6.633,0.000,49.00,0.007648,0.013528,0.021176,16.000000,14.000000,0.000000,0.000000,0.000000,0.000000,0.016080,0.017112,0.033192,25.000000,14.000000,0.000000,0.000000,0.000000,0.000000,0.013048,0.014864,0.027912,13.000000,31.000000,0.000000,0.000000,0.000000,0.000000
1781801584.656415735,2026-06-18T16:53:04+00:00,7.374,0.10,7783.762,7266.730,517.031,6.642,0.000,47.00,0.007648,0.008856,0.016504,16.000000,10.000000,0.000000,0.000000,0.000000,0.000000,0.015856,0.011416,0.027272,25.000000,10.000000,0.000000,0.000000,0.000000,0.000000,0.008856,0.010096,0.018952,10.000000,21.000000,0.000000,0.000000,0.000000,0.000000
1781801586.039618433,2026-06-18T16:53:06+00:00,8.015,0.10,7783.762,7266.246,517.516,6.649,0.000,48.00,0.008176,0.013224,0.021400,17.000000,13.000000,0.000000,0.000000,0.000000,0.000000,0.020560,0.016552,0.037112,29.000000,14.000000,0.000000,0.000000,0.000000,0.000000,0.013704,0.015248,0.028952,14.000000,27.000000,0.000000,0.000000,0.000000,0.000000
1781801587.196376002,2026-06-18T16:53:07+00:00,3.922,0.10,7783.762,7266.262,517.500,6.648,0.000,48.00,0.004768,0.009464,0.014232,10.000000,11.000000,0.000000,0.000000,1.000000,0.000000,0.015616,0.016560,0.032176,25.000000,14.000000,0.000000,0.000000,0.000000,0.000000,0.011680,0.012112,0.023792,13.000000,25.000000,0.000000,0.000000,0.000000,0.000000
1781801588.571672942,2026-06-18T16:53:08+00:00,7.169,0.10,7783.762,7265.527,518.234,6.658,0.000,48.00,0.009104,0.014384,0.023488,19.000000,18.000000,0.000000,0.000000,0.000000,0.000000,0.019472,0.014712,0.034184,21.000000,14.000000,0.000000,0.000000,0.000000,0.000000,0.009880,0.011792,0.021672,12.000000,20.000000,0.000000,0.000000,0.000000,0.000000
1781801589.726825170,2026-06-18T16:53:09+00:00,3.913,0.09,7783.762,7264.570,519.191,6.670,0.000,49.00,0.006592,0.010488,0.017080,14.000000,13.000000,0.000000,0.000000,0.000000,0.000000,0.013552,0.013816,0.027368,21.000000,13.000000,0.000000,0.000000,0.000000,0.000000,0.010488,0.009968,0.020456,13.000000,21.000000,0.000000,0.000000,0.000000,0.000000
1781801590.909056579,2026-06-18T16:53:10+00:00,4.034,0.09,7783.762,7262.551,521.211,6.696,0.000,49.00,0.004768,0.008424,0.013192,10.000000,9.000000,0.000000,0.000000,0.000000,0.000000,0.016368,0.015000,0.031368,22.000000,11.000000,0.000000,0.000000,0.000000,0.000000,0.012664,0.013280,0.025944,12.000000,23.000000,0.000000,0.000000,0.000000,0.000000
1781801592.269990795,2026-06-18T16:53:12+00:00,7.196,0.09,7783.762,7259.871,523.891,6.731,0.000,48.00,0.009136,0.013904,0.023040,19.000000,12.000000,0.000000,0.000000,1.000000,0.000000,0.015344,0.013472,0.028816,23.000000,11.000000,0.000000,0.000000,0.000000,0.000000,0.010176,0.010096,0.020272,10.000000,21.000000,0.000000,0.000000,0.000000,0.000000
1781801593.645938066,2026-06-18T16:53:13+00:00,7.156,0.09,7783.762,7260.051,523.711,6.728,0.000,48.00,0.008144,0.015000,0.023144,17.000000,17.000000,0.000000,0.000000,0.000000,0.000000,0.016352,0.018584,0.034936,25.000000,16.000000,0.000000,0.000000,0.000000,0.000000,0.010408,0.012000,0.022408,13.000000,25.000000,0.000000,0.000000,0.000000,0.000000
1781801595.013535346,2026-06-18T16:53:15+00:00,7.890,0.16,7783.762,7259.195,524.566,6.739,0.000,47.00,0.006688,0.013000,0.019688,14.000000,13.000000,0.000000,0.000000,0.000000,0.000000,0.012672,0.016328,0.029000,19.000000,13.000000,0.000000,0.000000,0.000000,0.000000,0.012664,0.009088,0.021752,13.000000,19.000000,0.000000,0.000000,0.000000,0.000000
1781801596.194256537,2026-06-18T16:53:16+00:00,4.060,0.16,7783.762,7260.465,523.297,6.723,0.000,49.00,0.006256,0.009944,0.016200,13.000000,12.000000,0.000000,0.000000,0.000000,0.000000,0.011520,0.013016,0.024536,17.000000,12.000000,0.000000,0.000000,0.000000,0.000000,0.011648,0.009632,0.021280,12.000000,20.000000,0.000000,0.000000,0.000000,0.000000
1781801597.491858272,2026-06-18T16:53:17+00:00,6.602,0.16,7783.762,7260.043,523.719,6.728,0.000,49.00,0.007216,0.011680,0.018896,15.000000,13.000000,0.000000,0.000000,1.000000,0.000000,0.015824,0.015008,0.030832,25.000000,14.000000,0.000000,0.000000,0.000000,0.000000,0.011432,0.011520,0.022952,15.000000,24.000000,0.000000,0.000000,0.000000,0.000000
1781801598.752654872,2026-06-18T16:53:18+00:00,5.231,0.16,7783.762,7260.535,523.227,6.722,0.000,48.00,0.006656,0.008856,0.015512,14.000000,10.000000,0.000000,0.000000,0.000000,0.000000,0.013120,0.011416,0.024536,19.000000,9.000000,0.000000,0.000000,0.000000,0.000000,0.007400,0.007648,0.015048,7.000000,16.000000,0.000000,0.000000,0.000000,0.000000
1781801599.921349118,2026-06-18T16:53:19+00:00,4.051,0.31,7783.762,7259.074,524.688,6.741,0.000,48.00,0.007744,0.012712,0.020456,16.000000,12.000000,0.000000,0.000000,0.000000,0.000000,0.015424,0.015784,0.031208,23.000000,13.000000,0.000000,0.000000,0.000000,0.000000,0.013192,0.011552,0.024744,13.000000,24.000000,0.000000,0.000000,0.000000,0.000000
1781801601.357600993,2026-06-18T16:53:21+00:00,8.070,0.31,7783.762,7259.848,523.914,6.731,0.000,48.00,0.007648,0.011136,0.018784,16.000000,12.000000,0.000000,0.000000,0.000000,0.000000,0.016328,0.014208,0.030536,23.000000,11.000000,0.000000,0.000000,0.000000,0.000000,0.012624,0.014376,0.027000,15.000000,27.000000,0.000000,0.000000,0.000000,0.000000
1781801602.687185669,2026-06-18T16:53:22+00:00,6.604,0.31,7783.762,7260.113,523.648,6.727,0.000,48.00,0.006656,0.009880,0.016536,14.000000,12.000000,0.000000,0.000000,1.000000,0.000000,0.012592,0.012952,0.025544,18.000000,12.000000,0.000000,0.000000,0.000000,0.000000,0.007912,0.005728,0.013640,8.000000,12.000000,0.000000,0.000000,0.000000,0.000000
1781801603.877729572,2026-06-18T16:53:23+00:00,4.863,0.37,7783.762,7259.637,524.125,6.734,0.000,49.00,0.006256,0.008472,0.014728,13.000000,9.000000,0.000000,0.000000,0.000000,0.000000,0.012480,0.010776,0.023256,19.000000,9.000000,0.000000,0.000000,0.000000,0.000000,0.008472,0.009632,0.018104,9.000000,21.000000,0.000000,0.000000,0.000000,0.000000
1781801605.039884399,2026-06-18T16:53:25+00:00,4.130,0.37,7783.762,7259.734,524.027,6.732,0.000,48.00,0.006688,0.015192,0.021880,14.000000,11.000000,0.000000,0.000000,0.000000,0.000000,0.033512,0.018008,0.051520,33.000000,11.000000,0.000000,0.000000,0.000000,0.000000,0.015192,0.029448,0.044640,11.000000,31.000000,0.000000,0.000000,0.000000,0.000000
1781801606.186431228,2026-06-18T16:53:26+00:00,3.501,0.37,7783.762,7259.266,524.496,6.738,0.000,49.00,0.006256,0.008440,0.014696,13.000000,9.000000,0.000000,0.000000,0.000000,0.000000,0.012960,0.011480,0.024440,20.000000,10.000000,0.000000,0.000000,0.000000,0.000000,0.010624,0.010592,0.021216,11.000000,22.000000,0.000000,0.000000,0.000000,0.000000
1781801607.343543995,2026-06-18T16:53:27+00:00,3.696,0.37,7783.762,7260.695,523.066,6.720,0.000,49.00,0.007216,0.011136,0.018352,15.000000,12.000000,0.000000,0.000000,1.000000,0.000000,0.016784,0.013472,0.030256,26.000000,11.000000,0.000000,0.000000,0.000000,0.000000,0.010408,0.012960,0.023368,13.000000,27.000000,0.000000,0.000000,0.000000,0.000000
1781801608.710287312,2026-06-18T16:53:28+00:00,7.353,0.37,7783.762,7259.488,524.273,6.735,0.000,48.00,0.006656,0.009880,0.016536,14.000000,12.000000,0.000000,0.000000,0.000000,0.000000,0.012160,0.012952,0.025112,18.000000,12.000000,0.000000,0.000000,0.000000,0.000000,0.008424,0.007648,0.016072,9.000000,16.000000,0.000000,0.000000,0.000000,0.000000
1781801609.891727577,2026-06-18T16:53:29+00:00,4.246,0.42,7783.762,7258.895,524.867,6.743,0.000,48.00,0.006256,0.009464,0.015720,13.000000,12.000000,0.000000,0.000000,0.000000,0.000000,0.017392,0.017320,0.034712,27.000000,14.000000,0.000000,0.000000,0.000000,0.000000,0.013736,0.012080,0.025816,14.000000,25.000000,0.000000,0.000000,0.000000,0.000000
1781801611.294666014,2026-06-18T16:53:31+00:00,7.540,0.42,7783.762,7257.523,526.238,6.761,0.000,47.00,0.008704,0.015920,0.024624,18.000000,15.000000,0.000000,0.000000,0.000000,0.000000,0.014912,0.014976,0.029888,23.000000,13.000000,0.000000,0.000000,0.000000,0.000000,0.011648,0.011072,0.022720,13.000000,23.000000,0.000000,0.000000,0.000000,0.000000
1781801612.466690706,2026-06-18T16:53:32+00:00,4.069,0.42,7783.762,7257.797,525.965,6.757,0.000,48.00,0.005200,0.008424,0.013624,11.000000,9.000000,0.000000,0.000000,1.000000,0.000000,0.011120,0.010728,0.021848,17.000000,9.000000,0.000000,0.000000,0.000000,0.000000,0.008424,0.007648,0.016072,9.000000,16.000000,0.000000,0.000000,0.000000,0.000000
1781801613.624730453,2026-06-18T16:53:33+00:00,4.357,0.42,7783.762,7257.168,526.594,6.765,0.000,48.00,0.008480,0.011400,0.019880,18.000000,15.000000,0.000000,0.000000,0.000000,0.000000,0.018864,0.016008,0.034872,30.000000,16.000000,0.000000,0.000000,0.000000,0.000000,0.011912,0.014256,0.026168,16.000000,30.000000,0.000000,0.000000,0.000000,0.000000
1781801614.776659306,2026-06-18T16:53:34+00:00,3.501,0.38,7783.762,7257.391,526.371,6.762,0.000,48.00,0.004768,0.008936,0.013704,10.000000,10.000000,0.000000,0.000000,0.000000,0.000000,0.015344,0.010728,0.026072,22.000000,9.000000,0.000000,0.000000,0.000000,0.000000,0.008424,0.012784,0.021208,9.000000,22.000000,0.000000,0.000000,0.000000,0.000000
1781801615.960184906,2026-06-18T16:53:35+00:00,4.255,0.38,7783.762,7258.551,525.211,6.748,0.000,48.00,0.006784,0.011312,0.018096,16.000000,13.000000,0.000000,0.000000,0.000000,0.000000,0.015424,0.017256,0.032680,23.000000,14.000000,0.000000,0.000000,0.000000,0.000000,0.013672,0.011072,0.024744,14.000000,23.000000,0.000000,0.000000,0.000000,0.000000
1781801617.278580292,2026-06-18T16:53:37+00:00,6.489,0.38,7783.762,7258.594,525.168,6.747,0.000,48.00,0.008176,0.013976,0.022152,15.000000,14.000000,0.000000,0.000000,1.000000,0.000000,0.018352,0.014944,0.033296,25.000000,13.000000,0.000000,0.000000,0.000000,0.000000,0.011616,0.014288,0.025904,13.000000,25.000000,0.000000,0.000000,0.000000,0.000000
1781801618.435298254,2026-06-18T16:53:38+00:00,3.688,0.38,7783.762,7258.203,525.559,6.752,0.000,48.00,0.005200,0.008904,0.014104,11.000000,10.000000,0.000000,0.000000,0.000000,0.000000,0.012848,0.013688,0.026536,19.000000,13.000000,0.000000,0.000000,0.000000,0.000000,0.010360,0.008576,0.018936,13.000000,18.000000,0.000000,0.000000,0.000000,0.000000
1781801619.828112696,2026-06-18T16:53:39+00:00,7.581,0.35,7783.762,7257.891,525.871,6.756,0.000,48.00,0.008144,0.011400,0.019544,17.000000,15.000000,0.000000,0.000000,0.000000,0.000000,0.019200,0.013016,0.032216,33.000000,12.000000,0.000000,0.000000,0.000000,0.000000,0.012336,0.017840,0.030176,15.000000,37.000000,0.000000,0.000000,0.000000,0.000000
1781801621.126680573,2026-06-18T16:53:41+00:00,6.008,0.35,7783.762,7258.207,525.555,6.752,0.000,49.00,0.006688,0.013144,0.019832,14.000000,13.000000,0.000000,0.000000,0.000000,0.000000,0.016368,0.016472,0.032840,22.000000,13.000000,0.000000,0.000000,0.000000,0.000000,0.012936,0.012784,0.025720,13.000000,22.000000,0.000000,0.000000,0.000000,0.000000
1781801622.430287219,2026-06-18T16:53:42+00:00,6.963,0.35,7783.762,7258.059,525.703,6.754,0.000,49.00,0.007216,0.011616,0.018832,15.000000,13.000000,0.000000,0.000000,1.000000,0.000000,0.014864,0.014944,0.029808,22.000000,13.000000,0.000000,0.000000,0.000000,0.000000,0.009432,0.008144,0.017576,10.000000,17.000000,0.000000,0.000000,0.000000,0.000000
1781801623.585862402,2026-06-18T16:53:43+00:00,3.922,0.35,7783.762,7258.414,525.348,6.749,0.000,48.00,0.008144,0.010408,0.018552,17.000000,13.000000,0.000000,0.000000,0.000000,0.000000,0.016832,0.013736,0.030568,26.000000,13.000000,0.000000,0.000000,0.000000,0.000000,0.010408,0.012480,0.022888,13.000000,26.000000,0.000000,0.000000,0.000000,0.000000
1781801624.964784360,2026-06-18T16:53:44+00:00,7.482,0.40,7783.762,7257.910,525.852,6.756,0.000,48.00,0.005728,0.010304,0.016032,13.000000,11.000000,0.000000,0.000000,0.000000,0.000000,0.013152,0.015000,0.028152,20.000000,11.000000,0.000000,0.000000,0.000000,0.000000,0.012184,0.009568,0.021752,11.000000,20.000000,0.000000,0.000000,0.000000,0.000000
1781801626.294456222,2026-06-18T16:53:46+00:00,6.452,0.40,7783.762,7257.188,526.574,6.765,0.000,48.00,0.008176,0.012536,0.020712,16.000000,11.000000,0.000000,0.000000,0.000000,0.000000,0.012992,0.013472,0.026464,19.000000,11.000000,0.000000,0.000000,0.000000,0.000000,0.010656,0.009152,0.019808,11.000000,19.000000,0.000000,0.000000,0.000000,0.000000
1781801627.474291300,2026-06-18T16:53:47+00:00,3.838,0.40,7783.762,7256.000,527.762,6.780,0.000,48.00,0.006688,0.008440,0.015128,14.000000,9.000000,0.000000,0.000000,1.000000,0.000000,0.017952,0.012968,0.030920,27.000000,12.000000,0.000000,0.000000,0.000000,0.000000,0.009896,0.012432,0.022328,12.000000,26.000000,0.000000,0.000000,0.000000,0.000000
1781801628.833632762,2026-06-18T16:53:48+00:00,7.579,0.40,7783.762,7255.004,528.758,6.793,0.000,48.00,0.006656,0.009368,0.016024,14.000000,11.000000,0.000000,0.000000,0.000000,0.000000,0.011168,0.009960,0.021128,18.000000,8.000000,0.000000,0.000000,0.000000,0.000000,0.007912,0.008608,0.016520,8.000000,19.000000,0.000000,0.000000,0.000000,0.000000
1781801629.997063741,2026-06-18T16:53:50+00:00,3.680,0.45,7783.762,7254.266,529.496,6.803,0.000,49.00,0.008176,0.013224,0.021400,17.000000,13.000000,0.000000,0.000000,0.000000,0.000000,0.016384,0.016552,0.032936,25.000000,13.000000,0.000000,0.000000,0.000000,0.000000,0.013224,0.012032,0.025256,13.000000,24.000000,0.000000,0.000000,0.000000,0.000000
1781801631.394836047,2026-06-18T16:53:51+00:00,8.094,0.45,7783.762,7252.410,531.352,6.826,0.000,48.00,0.007216,0.011136,0.018352,15.000000,12.000000,0.000000,0.000000,0.000000,0.000000,0.013952,0.014208,0.028160,21.000000,12.000000,0.000000,0.000000,0.000000,0.000000,0.011136,0.010592,0.021728,12.000000,22.000000,0.000000,0.000000,0.000000,0.000000
1781801632.550615258,2026-06-18T16:53:52+00:00,3.712,0.45,7783.762,7253.336,530.426,6.815,0.000,49.00,0.004768,0.008424,0.013192,10.000000,9.000000,0.000000,0.000000,1.000000,0.000000,0.015472,0.012952,0.028424,24.000000,12.000000,0.000000,0.000000,0.000000,0.000000,0.009880,0.010496,0.020376,12.000000,22.000000,0.000000,0.000000,0.000000,0.000000
1781801633.703750377,2026-06-18T16:53:53+00:00,3.704,0.45,7783.762,7255.176,528.586,6.791,0.000,48.00,0.008144,0.010920,0.019064,17.000000,14.000000,0.000000,0.000000,0.000000,0.000000,0.013920,0.012280,0.026200,22.000000,11.000000,0.000000,0.000000,0.000000,0.000000,0.009464,0.010592,0.020056,11.000000,22.000000,0.000000,0.000000,0.000000,0.000000
1781801634.857184621,2026-06-18T16:53:54+00:00,3.704,0.42,7783.762,7256.422,527.340,6.775,0.000,48.00,0.004768,0.011432,0.016200,10.000000,9.000000,0.000000,0.000000,0.000000,0.000000,0.028168,0.013736,0.041904,25.000000,9.000000,0.000000,0.000000,0.000000,0.000000,0.015704,0.028056,0.043760,12.000000,30.000000,0.000000,0.000000,0.000000,0.000000
1781801636.170890847,2026-06-18T16:53:56+00:00,6.154,0.42,7783.762,7256.184,527.578,6.778,0.000,49.00,0.008512,0.014760,0.023272,18.000000,16.000000,0.000000,0.000000,0.000000,0.000000,0.019856,0.018856,0.038712,31.000000,16.000000,0.000000,0.000000,0.000000,0.000000,0.012192,0.013760,0.025952,14.000000,28.000000,0.000000,0.000000,0.000000,0.000000
1781801637.503031674,2026-06-18T16:53:57+00:00,6.955,0.42,7783.762,7255.211,528.551,6.790,0.000,48.00,0.007216,0.013048,0.020264,15.000000,13.000000,0.000000,0.000000,1.000000,0.000000,0.015824,0.016376,0.032200,24.000000,13.000000,0.000000,0.000000,0.000000,0.000000,0.011840,0.011568,0.023408,15.000000,25.000000,0.000000,0.000000,0.000000,0.000000
1781801638.659219842,2026-06-18T16:53:58+00:00,3.478,0.42,7783.762,7255.984,527.777,6.780,0.000,48.00,0.006656,0.009368,0.016024,14.000000,11.000000,0.000000,0.000000,0.000000,0.000000,0.011680,0.012184,0.023864,17.000000,11.000000,0.000000,0.000000,0.000000,0.000000,0.008872,0.006640,0.015512,8.000000,13.000000,0.000000,0.000000,0.000000,0.000000
1781801639.877264564,2026-06-18T16:53:59+00:00,4.555,0.46,7783.762,7254.273,529.488,6.802,0.000,48.00,0.006256,0.008952,0.015208,13.000000,10.000000,0.000000,0.000000,0.000000,0.000000,0.012960,0.011512,0.024472,20.000000,10.000000,0.000000,0.000000,0.000000,0.000000,0.012712,0.011552,0.024264,12.000000,24.000000,0.000000,0.000000,0.000000,0.000000
1781801641.197849063,2026-06-18T16:54:01+00:00,7.266,0.46,7783.762,7254.664,529.098,6.797,0.000,49.00,0.006688,0.012184,0.018872,14.000000,11.000000,0.000000,0.000000,0.000000,0.000000,0.013632,0.015000,0.028632,21.000000,11.000000,0.000000,0.000000,0.000000,0.000000,0.008904,0.008128,0.017032,10.000000,17.000000,0.000000,0.000000,0.000000,0.000000
1781801642.348201865,2026-06-18T16:54:02+00:00,3.712,0.46,7783.762,7255.434,528.328,6.788,0.000,49.00,0.007648,0.015448,0.023096,16.000000,18.000000,0.000000,0.000000,1.000000,0.000000,0.015552,0.020056,0.035608,23.000000,18.000000,0.000000,0.000000,0.000000,0.000000,0.014968,0.010544,0.025512,17.000000,22.000000,0.000000,0.000000,0.000000,0.000000
1781801643.497923332,2026-06-18T16:54:03+00:00,3.501,0.46,7783.762,7256.051,527.711,6.780,0.000,48.00,0.006256,0.009464,0.015720,13.000000,11.000000,0.000000,0.000000,0.000000,0.000000,0.016656,0.012280,0.028936,23.000000,11.000000,0.000000,0.000000,0.000000,0.000000,0.009464,0.013328,0.022792,11.000000,23.000000,0.000000,0.000000,0.000000,0.000000
1781801644.646201424,2026-06-18T16:54:04+00:00,3.922,0.43,7783.762,7256.855,526.906,6.769,0.000,48.00,0.006656,0.009368,0.016024,14.000000,11.000000,0.000000,0.000000,0.000000,0.000000,0.013600,0.012184,0.025784,21.000000,11.000000,0.000000,0.000000,0.000000,0.000000,0.009368,0.010976,0.020344,11.000000,23.000000,0.000000,0.000000,0.000000,0.000000
1781801646.002417646,2026-06-18T16:54:06+00:00,6.865,0.43,7783.762,7257.781,525.980,6.757,0.000,48.00,0.007744,0.012712,0.020456,16.000000,12.000000,0.000000,0.000000,0.000000,0.000000,0.014944,0.015784,0.030728,22.000000,12.000000,0.000000,0.000000,0.000000,0.000000,0.012712,0.009632,0.022344,12.000000,20.000000,0.000000,0.000000,0.000000,0.000000
1781801647.330047297,2026-06-18T16:54:07+00:00,6.452,0.43,7783.762,7258.051,525.711,6.754,0.000,48.00,0.007216,0.011168,0.018384,15.000000,12.000000,0.000000,0.000000,1.000000,0.000000,0.017104,0.014240,0.031344,22.000000,12.000000,0.000000,0.000000,0.000000,0.000000,0.011168,0.012848,0.024016,12.000000,22.000000,0.000000,0.000000,0.000000,0.000000
1781801648.629037851,2026-06-18T16:54:08+00:00,6.008,0.43,7783.762,7255.059,528.703,6.792,0.000,49.00,0.008144,0.009816,0.017960,17.000000,12.000000,0.000000,0.000000,0.000000,0.000000,0.015184,0.012888,0.028072,23.000000,12.000000,0.000000,0.000000,0.000000,0.000000,0.009816,0.010592,0.020408,12.000000,22.000000,0.000000,0.000000,0.000000,0.000000
1781801649.778005026,2026-06-18T16:54:09+00:00,4.386,0.39,7783.762,7256.859,526.902,6.769,0.000,48.00,0.006256,0.009432,0.015688,13.000000,11.000000,0.000000,0.000000,0.000000,0.000000,0.015696,0.012248,0.027944,21.000000,11.000000,0.000000,0.000000,0.000000,0.000000,0.009432,0.012368,0.021800,11.000000,21.000000,0.000000,0.000000,0.000000,0.000000
1781801650.926189419,2026-06-18T16:54:10+00:00,3.712,0.39,7783.762,7259.145,524.617,6.740,0.000,48.00,0.004768,0.008392,0.013160,10.000000,9.000000,0.000000,0.000000,0.000000,0.000000,0.011984,0.014968,0.026952,19.000000,11.000000,0.000000,0.000000,0.000000,0.000000,0.012152,0.010048,0.022200,11.000000,21.000000,0.000000,0.000000,0.000000,0.000000
1781801652.295374166,2026-06-18T16:54:12+00:00,7.339,0.39,7783.762,7257.816,525.945,6.757,0.000,48.00,0.009136,0.015408,0.024544,19.000000,15.000000,0.000000,0.000000,1.000000,0.000000,0.016512,0.014976,0.031488,24.000000,13.000000,0.000000,0.000000,0.000000,0.000000,0.011648,0.010112,0.021760,13.000000,21.000000,0.000000,0.000000,0.000000,0.000000
1781801653.458662137,2026-06-18T16:54:13+00:00,4.104,0.39,7783.762,7259.684,524.078,6.733,0.000,48.00,0.006256,0.013320,0.019576,13.000000,13.000000,0.000000,0.000000,0.000000,0.000000,0.012960,0.016648,0.029608,20.000000,13.000000,0.000000,0.000000,0.000000,0.000000,0.011848,0.012000,0.023848,16.000000,25.000000,0.000000,0.000000,0.000000,0.000000
1781801654.745645292,2026-06-18T16:54:14+00:00,5.686,0.36,7783.762,7260.531,523.230,6.722,0.000,48.00,0.006656,0.010328,0.016984,14.000000,13.000000,0.000000,0.000000,0.000000,0.000000,0.013600,0.013656,0.027256,21.000000,13.000000,0.000000,0.000000,0.000000,0.000000,0.008392,0.008608,0.017000,9.000000,18.000000,0.000000,0.000000,0.000000,0.000000
1781801656.123001662,2026-06-18T16:54:16+00:00,7.468,0.36,7783.762,7260.387,523.375,6.724,0.000,48.00,0.008176,0.013704,0.021880,17.000000,14.000000,0.000000,0.000000,0.000000,0.000000,0.016864,0.017288,0.034152,26.000000,14.000000,0.000000,0.000000,0.000000,0.000000,0.013704,0.011552,0.025256,14.000000,24.000000,0.000000,0.000000,0.000000,0.000000
1781801657.283341121,2026-06-18T16:54:17+00:00,3.471,0.36,7783.762,7260.500,523.262,6.722,0.000,49.00,0.005728,0.010608,0.016336,13.000000,11.000000,0.000000,0.000000,1.000000,0.000000,0.015120,0.014976,0.030096,23.000000,13.000000,0.000000,0.000000,0.000000,0.000000,0.012160,0.011536,0.023696,14.000000,24.000000,0.000000,0.000000,0.000000,0.000000
1781801658.437097037,2026-06-18T16:54:18+00:00,4.783,0.36,7783.762,7260.121,523.641,6.727,0.000,49.00,0.006256,0.010312,0.016568,12.000000,13.000000,0.000000,0.000000,0.000000,0.000000,0.010912,0.012088,0.023000,17.000000,11.000000,0.000000,0.000000,0.000000,0.000000,0.008424,0.007184,0.015608,9.000000,15.000000,0.000000,0.000000,0.000000,0.000000
1781801659.590844828,2026-06-18T16:54:19+00:00,3.930,0.33,7783.762,7258.375,525.387,6.750,0.000,48.00,0.008144,0.011256,0.019400,18.000000,16.000000,0.000000,0.000000,0.000000,0.000000,0.016944,0.016456,0.033400,26.000000,17.000000,0.000000,0.000000,0.000000,0.000000,0.011432,0.012336,0.023768,15.000000,26.000000,0.000000,0.000000,0.000000,0.000000
1781801661.003749157,2026-06-18T16:54:21+00:00,8.021,0.33,7783.762,7258.148,525.613,6.753,0.000,49.00,0.006592,0.011152,0.017744,13.000000,12.000000,0.000000,0.000000,0.000000,0.000000,0.015320,0.015000,0.030320,22.000000,11.000000,0.000000,0.000000,0.000000,0.000000,0.012184,0.012424,0.024608,11.000000,23.000000,0.000000,0.000000,0.000000,0.000000
1781801662.164651757,2026-06-18T16:54:22+00:00,3.896,0.33,7783.762,7258.609,525.152,6.747,0.000,49.00,0.006688,0.010832,0.017520,14.000000,10.000000,0.000000,0.000000,1.000000,0.000000,0.013600,0.011512,0.025112,20.000000,10.000000,0.000000,0.000000,0.000000,0.000000,0.008952,0.008672,0.017624,10.000000,18.000000,0.000000,0.000000,0.000000,0.000000
1781801663.320244371,2026-06-18T16:54:23+00:00,3.493,0.33,7783.762,7260.031,523.730,6.729,0.000,49.00,0.006784,0.010144,0.016928,14.000000,10.000000,0.000000,0.000000,0.000000,0.000000,0.013456,0.013472,0.026928,20.000000,11.000000,0.000000,0.000000,0.000000,0.000000,0.011136,0.009616,0.020752,12.000000,20.000000,0.000000,0.000000,0.000000,0.000000
1781801664.633077951,2026-06-18T16:54:24+00:00,6.489,0.30,7783.762,7258.980,524.781,6.742,0.000,48.00,0.007088,0.014392,0.021480,15.000000,15.000000,0.000000,0.000000,0.000000,0.000000,0.028440,0.017464,0.045904,27.000000,14.000000,0.000000,0.000000,0.000000,0.000000,0.013400,0.024856,0.038256,13.000000,27.000000,0.000000,0.000000,0.000000,0.000000
1781801665.816921427,2026-06-18T16:54:25+00:00,4.246,0.30,7783.762,7259.125,524.637,6.740,0.000,48.00,0.006256,0.009464,0.015720,13.000000,11.000000,0.000000,0.000000,0.000000,0.000000,0.017056,0.012280,0.029336,24.000000,11.000000,0.000000,0.000000,0.000000,0.000000,0.011856,0.015696,0.027552,14.000000,28.000000,0.000000,0.000000,0.000000,0.000000
1781801667.173383282,2026-06-18T16:54:27+00:00,7.394,0.30,7783.762,7257.395,526.367,6.762,0.000,49.00,0.006688,0.012184,0.018872,14.000000,11.000000,0.000000,0.000000,1.000000,0.000000,0.014576,0.015000,0.029576,21.000000,11.000000,0.000000,0.000000,0.000000,0.000000,0.009792,0.008112,0.017904,8.000000,16.000000,0.000000,0.000000,0.000000,0.000000
1781801668.339014378,2026-06-18T16:54:28+00:00,4.121,0.30,7783.762,7254.859,528.902,6.795,0.000,48.00,0.007216,0.010656,0.017872,15.000000,11.000000,0.000000,0.000000,0.000000,0.000000,0.012512,0.013472,0.025984,18.000000,11.000000,0.000000,0.000000,0.000000,0.000000,0.010656,0.008672,0.019328,11.000000,18.000000,0.000000,0.000000,0.000000,0.000000
1781801669.499749529,2026-06-18T16:54:29+00:00,3.888,0.28,7783.762,7253.676,530.086,6.810,0.000,49.00,0.006256,0.008952,0.015208,13.000000,10.000000,0.000000,0.000000,0.000000,0.000000,0.012464,0.011512,0.023976,19.000000,10.000000,0.000000,0.000000,0.000000,0.000000,0.008952,0.009136,0.018088,10.000000,19.000000,0.000000,0.000000,0.000000,0.000000
1781801670.651354571,2026-06-18T16:54:30+00:00,3.720,0.28,7783.762,7255.148,528.613,6.791,0.000,49.00,0.006656,0.009848,0.016504,14.000000,12.000000,0.000000,0.000000,0.000000,0.000000,0.013664,0.012920,0.026584,21.000000,12.000000,0.000000,0.000000,0.000000,0.000000,0.009848,0.011040,0.020888,12.000000,23.000000,0.000000,0.000000,0.000000,0.000000
1781801671.987160463,2026-06-18T16:54:31+00:00,6.591,0.28,7783.762,7254.809,528.953,6.796,0.000,49.00,0.006256,0.008952,0.015208,13.000000,10.000000,0.000000,0.000000,1.000000,0.000000,0.017088,0.015784,0.032872,26.000000,12.000000,0.000000,0.000000,0.000000,0.000000,0.012712,0.011552,0.024264,12.000000,24.000000,0.000000,0.000000,0.000000,0.000000
1781801673.294750961,2026-06-18T16:54:33+00:00,6.166,0.28,7783.762,7253.102,530.660,6.818,0.000,48.00,0.008176,0.013376,0.021552,17.000000,12.000000,0.000000,0.000000,0.000000,0.000000,0.016192,0.013472,0.029664,21.000000,11.000000,0.000000,0.000000,0.000000,0.000000,0.010656,0.012352,0.023008,11.000000,21.000000,0.000000,0.000000,0.000000,0.000000
1781801674.446831484,2026-06-18T16:54:34+00:00,3.696,0.26,7783.762,7254.098,529.664,6.805,0.000,49.00,0.005728,0.009432,0.015160,12.000000,10.000000,0.000000,0.000000,0.000000,0.000000,0.016016,0.014392,0.030408,28.000000,15.000000,0.000000,0.000000,0.000000,0.000000,0.011320,0.012912,0.024232,15.000000,27.000000,0.000000,0.000000,0.000000,0.000000
1781801675.837659176,2026-06-18T16:54:35+00:00,7.414,0.26,7783.762,7254.828,528.934,6.795,0.000,49.00,0.008144,0.012360,0.020504,17.000000,17.000000,0.000000,0.000000,0.000000,0.000000,0.016864,0.013016,0.029880,21.000000,11.000000,0.000000,0.000000,0.000000,0.000000,0.009432,0.012368,0.021800,11.000000,21.000000,0.000000,0.000000,0.000000,0.000000
1781801677.002227796,2026-06-18T16:54:37+00:00,4.762,0.26,7783.762,7254.848,528.914,6.795,0.000,48.00,0.004768,0.007880,0.012648,10.000000,8.000000,0.000000,0.000000,1.000000,0.000000,0.013856,0.014200,0.028056,21.000000,10.000000,0.000000,0.000000,0.000000,0.000000,0.011640,0.010528,0.022168,10.000000,22.000000,0.000000,0.000000,0.000000,0.000000
1781801678.150707620,2026-06-18T16:54:38+00:00,3.712,0.26,7783.762,7255.242,528.520,6.790,0.000,48.00,0.008176,0.013192,0.021368,17.000000,13.000000,0.000000,0.000000,0.000000,0.000000,0.016048,0.012248,0.028296,26.000000,11.000000,0.000000,0.000000,0.000000,0.000000,0.009432,0.011552,0.020984,11.000000,24.000000,0.000000,0.000000,0.000000,0.000000
1781801679.377445473,2026-06-18T16:54:39+00:00,4.948,0.24,7783.762,7255.750,528.012,6.784,0.000,48.00,0.007216,0.012160,0.019376,15.000000,14.000000,0.000000,0.000000,0.000000,0.000000,0.019552,0.015744,0.035296,28.000000,14.000000,0.000000,0.000000,0.000000,0.000000,0.012160,0.015712,0.027872,14.000000,28.000000,0.000000,0.000000,0.000000,0.000000
1781801680.552313299,2026-06-18T16:54:40+00:00,4.069,0.24,7783.762,7256.379,527.383,6.775,0.000,48.00,0.004768,0.008904,0.013672,10.000000,10.000000,0.000000,0.000000,0.000000,0.000000,0.014064,0.012200,0.026264,24.000000,11.000000,0.000000,0.000000,0.000000,0.000000,0.010840,0.013872,0.024712,14.000000,29.000000,0.000000,0.000000,0.000000,0.000000
1781801681.722290281,2026-06-18T16:54:41+00:00,3.879,0.24,7783.762,7256.652,527.109,6.772,0.000,48.00,0.008144,0.012392,0.020536,17.000000,17.000000,0.000000,0.000000,1.000000,0.000000,0.018952,0.016008,0.034960,28.000000,16.000000,0.000000,0.000000,0.000000,0.000000,0.010456,0.011320,0.021776,13.000000,22.000000,0.000000,0.000000,0.000000,0.000000
1781801683.003863178,2026-06-18T16:54:43+00:00,6.055,0.24,7783.762,7256.840,526.922,6.770,0.000,49.00,0.004768,0.009416,0.014184,10.000000,11.000000,0.000000,0.000000,0.000000,0.000000,0.014152,0.016504,0.030656,21.000000,13.000000,0.000000,0.000000,0.000000,0.000000,0.013176,0.011256,0.024432,13.000000,22.000000,0.000000,0.000000,0.000000,0.000000
1781801684.154705220,2026-06-18T16:54:44+00:00,3.282,0.22,7783.762,7255.883,527.879,6.782,0.000,49.00,0.008512,0.012712,0.021224,18.000000,12.000000,0.000000,0.000000,0.000000,0.000000,0.016160,0.011512,0.027672,26.000000,10.000000,0.000000,0.000000,0.000000,0.000000,0.010656,0.014056,0.024712,11.000000,28.000000,0.000000,0.000000,0.000000,0.000000
1781801685.469934311,2026-06-18T16:54:45+00:00,6.718,0.22,7783.762,7254.883,528.879,6.795,0.000,48.00,0.007216,0.010656,0.017872,15.000000,11.000000,0.000000,0.000000,0.000000,0.000000,0.016104,0.013472,0.029576,24.000000,11.000000,0.000000,0.000000,0.000000,0.000000,0.008952,0.010096,0.019048,10.000000,21.000000,0.000000,0.000000,0.000000,0.000000
1781801686.620433422,2026-06-18T16:54:46+00:00,3.913,0.22,7783.762,7255.383,528.379,6.788,0.000,49.00,0.006656,0.009848,0.016504,14.000000,12.000000,0.000000,0.000000,1.000000,0.000000,0.012128,0.012920,0.025048,18.000000,13.000000,0.000000,0.000000,0.000000,0.000000,0.010360,0.009072,0.019432,13.000000,19.000000,0.000000,0.000000,0.000000,0.000000
1781801687.993719984,2026-06-18T16:54:47+00:00,7.339,0.22,7783.762,7255.672,528.090,6.785,0.000,49.00,0.006256,0.010488,0.016744,13.000000,13.000000,0.000000,0.000000,0.000000,0.000000,0.015696,0.018088,0.033784,23.000000,14.000000,0.000000,0.000000,0.000000,0.000000,0.013736,0.010160,0.023896,14.000000,21.000000,0.000000,0.000000,0.000000,0.000000
1781801689.145932062,2026-06-18T16:54:49+00:00,3.516,0.20,7783.762,7255.613,528.148,6.785,0.000,49.00,0.006688,0.012184,0.018872,14.000000,11.000000,0.000000,0.000000,0.000000,0.000000,0.011624,0.010728,0.022352,17.000000,9.000000,0.000000,0.000000,0.000000,0.000000,0.011168,0.011256,0.022424,12.000000,22.000000,0.000000,0.000000,0.000000,0.000000
1781801690.489416957,2026-06-18T16:54:50+00:00,6.716,0.20,7783.762,7256.434,527.328,6.775,0.000,48.00,0.007216,0.011216,0.018432,15.000000,12.000000,0.000000,0.000000,0.000000,0.000000,0.013472,0.014288,0.027760,20.000000,12.000000,0.000000,0.000000,0.000000,0.000000,0.007912,0.007184,0.015096,8.000000,15.000000,0.000000,0.000000,0.000000,0.000000
1781801691.647635792,2026-06-18T16:54:51+00:00,3.688,0.20,7783.762,7256.562,527.199,6.773,0.000,48.00,0.008144,0.009896,0.018040,17.000000,12.000000,0.000000,0.000000,1.000000,0.000000,0.018704,0.012968,0.031672,29.000000,12.000000,0.000000,0.000000,0.000000,0.000000,0.010408,0.013920,0.024328,13.000000,29.000000,0.000000,0.000000,0.000000,0.000000
1781801692.973325368,2026-06-18T16:54:52+00:00,6.805,0.20,7783.762,7254.523,529.238,6.799,0.000,48.00,0.004768,0.008424,0.013192,10.000000,9.000000,0.000000,0.000000,0.000000,0.000000,0.013936,0.015000,0.028936,21.000000,11.000000,0.000000,0.000000,0.000000,0.000000,0.011672,0.010560,0.022232,10.000000,21.000000,0.000000,0.000000,0.000000,0.000000
1781801694.174936506,2026-06-18T16:54:54+00:00,4.421,0.18,7783.762,7256.527,527.234,6.774,0.000,49.00,0.008176,0.012712,0.020888,17.000000,12.000000,0.000000,0.000000,0.000000,0.000000,0.011728,0.011512,0.023240,17.000000,10.000000,0.000000,0.000000,0.000000,0.000000,0.010656,0.009152,0.019808,11.000000,19.000000,0.000000,0.000000,0.000000,0.000000
1781801695.464868039,2026-06-18T16:54:55+00:00,6.796,0.18,7783.762,7255.629,528.133,6.785,0.000,48.00,0.007216,0.014176,0.021392,15.000000,12.000000,0.000000,0.000000,0.000000,0.000000,0.031416,0.017248,0.048664,28.000000,12.000000,0.000000,0.000000,0.000000,0.000000,0.012472,0.026136,0.038608,11.000000,25.000000,0.000000,0.000000,0.000000,0.000000
1781801696.637231604,2026-06-18T16:54:56+00:00,3.871,0.18,7783.762,7253.750,530.012,6.809,0.000,48.00,0.006656,0.009368,0.016024,14.000000,11.000000,0.000000,0.000000,1.000000,0.000000,0.016696,0.012184,0.028880,25.000000,11.000000,0.000000,0.000000,0.000000,0.000000,0.009848,0.012200,0.022048,12.000000,24.000000,0.000000,0.000000,0.000000,0.000000
1781801697.914579097,2026-06-18T16:54:57+00:00,6.114,0.18,7783.762,7255.422,528.340,6.788,0.000,48.00,0.006256,0.011312,0.017568,13.000000,12.000000,0.000000,0.000000,0.000000,0.000000,0.014400,0.014384,0.028784,23.000000,12.000000,0.000000,0.000000,0.000000,0.000000,0.010832,0.011072,0.021904,11.000000,23.000000,0.000000,0.000000,0.000000,0.000000
1781801699.074171785,2026-06-18T16:54:59+00:00,3.486,0.17,7783.762,7263.871,519.891,6.679,0.000,48.00,0.006256,0.011672,0.017928,13.000000,10.000000,0.000000,0.000000,0.000000,0.000000,0.013632,0.014232,0.027864,21.000000,10.000000,0.000000,0.000000,0.000000,0.000000,0.011672,0.010048,0.021720,10.000000,21.000000,0.000000,0.000000,0.000000,0.000000
1781801700.414834211,2026-06-18T16:55:00+00:00,7.076,0.17,7783.762,7262.898,520.863,6.692,0.000,49.00,0.007648,0.010656,0.018304,16.000000,11.000000,0.000000,0.000000,0.000000,0.000000,0.014432,0.013472,0.027904,22.000000,11.000000,0.000000,0.000000,0.000000,0.000000,0.010656,0.010592,0.021248,11.000000,22.000000,0.000000,0.000000,0.000000,0.000000
1781801701.589960380,2026-06-18T16:55:01+00:00,3.854,0.17,7783.762,7262.906,520.855,6.692,0.000,49.00,0.006256,0.009464,0.015720,13.000000,11.000000,0.000000,0.000000,1.000000,0.000000,0.019984,0.014504,0.034488,27.000000,14.000000,0.000000,0.000000,0.000000,0.000000,0.010920,0.014720,0.025640,14.000000,26.000000,0.000000,0.000000,0.000000,0.000000
1781801702.756908266,2026-06-18T16:55:02+00:00,4.095,0.17,7783.762,7262.918,520.844,6.691,0.000,48.00,0.007088,0.012760,0.019848,15.000000,18.000000,0.000000,0.000000,0.000000,0.000000,0.011872,0.015144,0.027016,19.000000,15.000000,0.000000,0.000000,0.000000,0.000000,0.011304,0.009056,0.020360,15.000000,19.000000,0.000000,0.000000,0.000000,0.000000
1781801704.051174472,2026-06-18T16:55:04+00:00,6.602,0.15,7783.762,7262.930,520.832,6.691,0.000,48.00,0.007744,0.013736,0.021480,16.000000,14.000000,0.000000,0.000000,0.000000,0.000000,0.015904,0.017320,0.033224,24.000000,14.000000,0.000000,0.000000,0.000000,0.000000,0.013736,0.011552,0.025288,14.000000,24.000000,0.000000,0.000000,0.000000,0.000000
1781801705.214482642,2026-06-18T16:55:05+00:00,4.113,0.15,7783.762,7262.934,520.828,6.691,0.000,48.00,0.005200,0.008424,0.013624,11.000000,9.000000,0.000000,0.000000,0.000000,0.000000,0.013904,0.010728,0.024632,19.000000,9.000000,0.000000,0.000000,0.000000,0.000000,0.010128,0.012304,0.022432,10.000000,22.000000,0.000000,0.000000,0.000000,0.000000
1781801706.381774494,2026-06-18T16:55:06+00:00,3.879,0.15,7783.762,7262.207,521.555,6.701,0.000,48.00,0.007216,0.011168,0.018384,15.000000,12.000000,0.000000,0.000000,0.000000,0.000000,0.017744,0.014240,0.031984,28.000000,12.000000,0.000000,0.000000,0.000000,0.000000,0.009464,0.012032,0.021496,11.000000,24.000000,0.000000,0.000000,0.000000,0.000000
1781801707.757535250,2026-06-18T16:55:07+00:00,7.509,0.15,7783.762,7256.328,527.434,6.776,0.000,49.00,0.008480,0.011400,0.019880,18.000000,15.000000,0.000000,0.000000,1.000000,0.000000,0.019680,0.015240,0.034920,27.000000,15.000000,0.000000,0.000000,0.000000,0.000000,0.011400,0.015552,0.026952,15.000000,28.000000,0.000000,0.000000,0.000000,0.000000
1781801709.134353653,2026-06-18T16:55:09+00:00,7.299,0.14,7783.762,7255.844,527.918,6.782,0.000,48.00,0.006688,0.012184,0.018872,14.000000,11.000000,0.000000,0.000000,0.000000,0.000000,0.013152,0.015000,0.028152,20.000000,11.000000,0.000000,0.000000,0.000000,0.000000,0.014928,0.011104,0.026032,14.000000,23.000000,0.000000,0.000000,0.000000,0.000000
1781801710.464359575,2026-06-18T16:55:10+00:00,6.286,0.14,7783.762,7255.117,528.645,6.792,0.000,48.00,0.007216,0.011168,0.018384,15.000000,12.000000,0.000000,0.000000,0.000000,0.000000,0.012512,0.014240,0.026752,18.000000,12.000000,0.000000,0.000000,0.000000,0.000000,0.008424,0.006656,0.015080,9.000000,14.000000,0.000000,0.000000,0.000000,0.000000
1781801711.613895164,2026-06-18T16:55:11+00:00,3.486,0.14,7783.762,7253.402,530.359,6.814,0.000,49.00,0.008144,0.010920,0.019064,17.000000,14.000000,0.000000,0.000000,1.000000,0.000000,0.016288,0.014504,0.030792,24.000000,14.000000,0.000000,0.000000,0.000000,0.000000,0.011400,0.011520,0.022920,15.000000,24.000000,0.000000,0.000000,0.000000,0.000000
1781801712.988206907,2026-06-18T16:55:12+00:00,8.029,0.14,7783.762,7252.617,531.145,6.824,0.000,48.00,0.004768,0.008392,0.013160,10.000000,9.000000,0.000000,0.000000,0.000000,0.000000,0.014648,0.014968,0.029616,22.000000,11.000000,0.000000,0.000000,0.000000,0.000000,0.011672,0.011256,0.022928,10.000000,22.000000,0.000000,0.000000,0.000000,0.000000
1781801714.176742882,2026-06-18T16:55:14+00:00,4.440,0.13,7783.762,7253.844,529.918,6.808,0.000,49.00,0.008176,0.012744,0.020920,17.000000,12.000000,0.000000,0.000000,0.000000,0.000000,0.013168,0.011544,0.024712,20.000000,10.000000,0.000000,0.000000,0.000000,0.000000,0.008984,0.009152,0.018136,10.000000,19.000000,0.000000,0.000000,0.000000,0.000000
1781801715.390661923,2026-06-18T16:55:15+00:00,4.762,0.13,7783.762,7256.121,527.641,6.779,0.000,49.00,0.007216,0.010656,0.017872,15.000000,11.000000,0.000000,0.000000,0.000000,0.000000,0.012976,0.013472,0.026448,19.000000,11.000000,0.000000,0.000000,0.000000,0.000000,0.010656,0.009136,0.019792,11.000000,19.000000,0.000000,0.000000,0.000000,0.000000
1781801716.541462923,2026-06-18T16:55:16+00:00,3.712,0.13,7783.762,7255.781,527.980,6.783,0.000,49.00,0.004768,0.007912,0.012680,10.000000,8.000000,0.000000,0.000000,1.000000,0.000000,0.013088,0.012184,0.025272,19.000000,11.000000,0.000000,0.000000,0.000000,0.000000,0.009368,0.008592,0.017960,12.000000,20.000000,0.000000,0.000000,0.000000,0.000000
1781801717.945410757,2026-06-18T16:55:17+00:00,7.540,0.13,7783.762,7255.855,527.906,6.782,0.000,48.00,0.008144,0.010888,0.019032,17.000000,14.000000,0.000000,0.000000,0.000000,0.000000,0.014904,0.012248,0.027152,21.000000,11.000000,0.000000,0.000000,0.000000,0.000000,0.013192,0.013496,0.026688,12.000000,23.000000,0.000000,0.000000,0.000000,0.000000
1781801719.255509053,2026-06-18T16:55:19+00:00,6.538,0.12,7783.762,7256.492,527.270,6.774,0.000,49.00,0.007216,0.013376,0.020592,17.000000,12.000000,0.000000,0.000000,0.000000,0.000000,0.018832,0.018528,0.037360,28.000000,14.000000,0.000000,0.000000,0.000000,0.000000,0.011184,0.011536,0.022720,12.000000,24.000000,0.000000,0.000000,0.000000,0.000000
1781801720.637279012,2026-06-18T16:55:20+00:00,7.286,0.12,7783.762,7255.816,527.945,6.783,0.000,48.00,0.010496,0.011464,0.021960,20.000000,14.000000,0.000000,0.000000,0.000000,0.000000,0.017944,0.012968,0.030912,26.000000,12.000000,0.000000,0.000000,0.000000,0.000000,0.009896,0.014328,0.024224,12.000000,27.000000,0.000000,0.000000,0.000000,0.000000
1781801721.806437377,2026-06-18T16:55:21+00:00,4.516,0.12,7783.762,7253.438,530.324,6.813,0.000,48.00,0.006256,0.009432,0.015688,13.000000,11.000000,0.000000,0.000000,1.000000,0.000000,0.014336,0.012248,0.026584,22.000000,11.000000,0.000000,0.000000,0.000000,0.000000,0.009432,0.011072,0.020504,11.000000,23.000000,0.000000,0.000000,0.000000,0.000000
1781801723.124504123,2026-06-18T16:55:23+00:00,6.322,0.12,7783.762,7253.828,529.934,6.808,0.000,48.00,0.007248,0.011672,0.018920,15.000000,10.000000,0.000000,0.000000,0.000000,0.000000,0.013984,0.014232,0.028216,21.000000,10.000000,0.000000,0.000000,0.000000,0.000000,0.011672,0.008688,0.020360,10.000000,18.000000,0.000000,0.000000,0.000000,0.000000
1781801724.304562566,2026-06-18T16:55:24+00:00,4.051,0.11,7783.762,7254.695,529.066,6.797,0.000,48.00,0.007216,0.010144,0.017360,15.000000,10.000000,0.000000,0.000000,0.000000,0.000000,0.013952,0.013472,0.027424,21.000000,11.000000,0.000000,0.000000,0.000000,0.000000,0.010656,0.011224,0.021880,11.000000,23.000000,0.000000,0.000000,0.000000,0.000000
1781801725.657663749,2026-06-18T16:55:25+00:00,7.076,0.11,7783.762,7255.609,528.152,6.785,0.000,48.00,0.008144,0.013960,0.022104,17.000000,14.000000,0.000000,0.000000,0.000000,0.000000,0.035736,0.016776,0.052512,36.000000,13.000000,0.000000,0.000000,0.000000,0.000000,0.013448,0.030272,0.043720,13.000000,34.000000,0.000000,0.000000,0.000000,0.000000
1781801726.826583170,2026-06-18T16:55:26+00:00,3.871,0.11,7783.762,7255.406,528.355,6.788,0.000,49.00,0.004768,0.008392,0.013160,10.000000,9.000000,0.000000,0.000000,1.000000,0.000000,0.013056,0.010696,0.023752,22.000000,9.000000,0.000000,0.000000,0.000000,0.000000,0.008392,0.010064,0.018456,10.000000,24.000000,0.000000,0.000000,0.000000,0.000000
1781801728.192245858,2026-06-18T16:55:28+00:00,7.011,0.11,7783.762,7256.375,527.387,6.775,0.000,48.00,0.008176,0.013736,0.021912,17.000000,14.000000,0.000000,0.000000,0.000000,0.000000,0.016864,0.017320,0.034184,25.000000,14.000000,0.000000,0.000000,0.000000,0.000000,0.013736,0.012032,0.025768,13.000000,22.000000,0.000000,0.000000,0.000000,0.000000
1781801729.354140379,2026-06-18T16:55:29+00:00,3.888,0.10,7783.762,7256.820,526.941,6.770,0.000,49.00,0.006784,0.011680,0.018464,14.000000,13.000000,0.000000,0.000000,0.000000,0.000000,0.014416,0.015008,0.029424,22.000000,13.000000,0.000000,0.000000,0.000000,0.000000,0.011680,0.011056,0.022736,13.000000,23.000000,0.000000,0.000000,0.000000,0.000000
1781801730.659306718,2026-06-18T16:55:30+00:00,6.731,0.10,7783.762,7255.211,528.551,6.790,0.000,48.00,0.007088,0.009368,0.016456,15.000000,11.000000,0.000000,0.000000,0.000000,0.000000,0.014144,0.012184,0.026328,22.000000,11.000000,0.000000,0.000000,0.000000,0.000000,0.009368,0.010080,0.019448,11.000000,21.000000,0.000000,0.000000,0.000000,0.000000
1781801731.819870115,2026-06-18T16:55:31+00:00,3.913,0.10,7783.762,7255.809,527.953,6.783,0.000,48.00,0.006592,0.009464,0.016056,14.000000,11.000000,0.000000,0.000000,1.000000,0.000000,0.016704,0.012280,0.028984,22.000000,11.000000,0.000000,0.000000,0.000000,0.000000,0.009944,0.012208,0.022152,12.000000,21.000000,0.000000,0.000000,0.000000,0.000000
1781801732.973131498,2026-06-18T16:55:32+00:00,3.493,0.10,7783.762,7256.008,527.754,6.780,0.000,49.00,0.004768,0.008392,0.013160,10.000000,9.000000,0.000000,0.000000,0.000000,0.000000,0.012960,0.014968,0.027928,20.000000,11.000000,0.000000,0.000000,0.000000,0.000000,0.011672,0.010064,0.021736,10.000000,21.000000,0.000000,0.000000,0.000000,0.000000
1781801734.337937874,2026-06-18T16:55:34+00:00,7.209,0.09,7783.762,7256.734,527.027,6.771,0.000,48.00,0.009136,0.015408,0.024544,19.000000,15.000000,0.000000,0.000000,0.000000,0.000000,0.019296,0.015744,0.035040,27.000000,14.000000,0.000000,0.000000,0.000000,0.000000,0.012160,0.014768,0.026928,14.000000,26.000000,0.000000,0.000000,0.000000,0.000000
1781801735.490216011,2026-06-18T16:55:35+00:00,3.486,0.09,7783.762,7256.750,527.012,6.771,0.000,49.00,0.006256,0.011016,0.017272,13.000000,14.000000,0.000000,0.000000,0.000000,0.000000,0.014384,0.013832,0.028216,23.000000,13.000000,0.000000,0.000000,0.000000,0.000000,0.010440,0.013072,0.023512,13.000000,27.000000,0.000000,0.000000,0.000000,0.000000
1781801736.854894426,2026-06-18T16:55:36+00:00,7.011,0.09,7783.762,7256.512,527.250,6.774,0.000,48.00,0.007088,0.009368,0.016456,15.000000,11.000000,0.000000,0.000000,1.000000,0.000000,0.017472,0.012920,0.030392,23.000000,12.000000,0.000000,0.000000,0.000000,0.000000,0.009352,0.011264,0.020616,11.000000,19.000000,0.000000,0.000000,0.000000,0.000000
1781801738.178113600,2026-06-18T16:55:38+00:00,6.464,0.09,7783.762,7256.270,527.492,6.777,0.000,49.00,0.008176,0.014152,0.022328,17.000000,15.000000,0.000000,0.000000,0.000000,0.000000,0.015904,0.017256,0.033160,24.000000,14.000000,0.000000,0.000000,0.000000,0.000000,0.015376,0.012512,0.027888,15.000000,26.000000,0.000000,0.000000,0.000000,0.000000
1781801739.491039806,2026-06-18T16:55:39+00:00,6.910,0.08,7783.762,7256.043,527.719,6.780,0.000,49.00,0.007216,0.011136,0.018352,15.000000,12.000000,0.000000,0.000000,0.000000,0.000000,0.015376,0.014976,0.030352,24.000000,13.000000,0.000000,0.000000,0.000000,0.000000,0.009944,0.010576,0.020520,12.000000,22.000000,0.000000,0.000000,0.000000,0.000000
1781801740.654694329,2026-06-18T16:55:40+00:00,4.095,0.08,7783.762,7255.809,527.953,6.783,0.000,49.00,0.006224,0.009368,0.015592,13.000000,12.000000,0.000000,0.000000,0.000000,0.000000,0.015056,0.012152,0.027208,24.000000,11.000000,0.000000,0.000000,0.000000,0.000000,0.009336,0.011472,0.020808,11.000000,24.000000,0.000000,0.000000,0.000000,0.000000
1781801741.862939567,2026-06-18T16:55:41+00:00,4.802,0.08,7783.762,7254.449,529.312,6.800,0.000,48.00,0.006688,0.009912,0.016600,14.000000,11.000000,0.000000,0.000000,1.000000,0.000000,0.015776,0.012984,0.028760,26.000000,12.000000,0.000000,0.000000,0.000000,0.000000,0.009912,0.012992,0.022904,12.000000,27.000000,0.000000,0.000000,0.000000,0.000000
1781801743.187934080,2026-06-18T16:55:43+00:00,6.818,0.08,7783.762,7254.250,529.512,6.803,0.000,48.00,0.006688,0.013112,0.019800,14.000000,13.000000,0.000000,0.000000,0.000000,0.000000,0.014128,0.015704,0.029832,21.000000,12.000000,0.000000,0.000000,0.000000,0.000000,0.012632,0.009088,0.021720,12.000000,19.000000,0.000000,0.000000,0.000000,0.000000
1781801744.343051451,2026-06-18T16:55:44+00:00,3.501,0.08,7783.762,7254.098,529.664,6.805,0.000,48.00,0.007216,0.010656,0.017872,15.000000,11.000000,0.000000,0.000000,0.000000,0.000000,0.015640,0.013472,0.029112,23.000000,11.000000,0.000000,0.000000,0.000000,0.000000,0.010656,0.013720,0.024376,11.000000,27.000000,0.000000,0.000000,0.000000,0.000000
1781801745.664747210,2026-06-18T16:55:45+00:00,6.439,0.08,7783.762,7254.223,529.539,6.803,0.000,50.00,0.008144,0.010920,0.019064,17.000000,14.000000,0.000000,0.000000,0.000000,0.000000,0.017776,0.014504,0.032280,28.000000,14.000000,0.000000,0.000000,0.000000,0.000000,0.010920,0.011504,0.022424,14.000000,24.000000,0.000000,0.000000,0.000000,0.000000
1781801747.006661278,2026-06-18T16:55:47+00:00,6.754,0.08,7783.762,7256.875,526.887,6.769,0.000,49.00,0.004768,0.007912,0.012680,10.000000,8.000000,0.000000,0.000000,1.000000,0.000000,0.013872,0.012096,0.025968,21.000000,10.000000,0.000000,0.000000,0.000000,0.000000,0.011672,0.009632,0.021304,10.000000,20.000000,0.000000,0.000000,0.000000,0.000000
1781801748.192780471,2026-06-18T16:55:48+00:00,3.838,0.08,7783.762,7258.887,524.875,6.743,0.000,49.00,0.008176,0.013224,0.021400,17.000000,13.000000,0.000000,0.000000,0.000000,0.000000,0.015600,0.016376,0.031976,24.000000,12.000000,0.000000,0.000000,0.000000,0.000000,0.011168,0.011504,0.022672,12.000000,24.000000,0.000000,0.000000,0.000000,0.000000
1781801749.600505409,2026-06-18T16:55:49+00:00,9.091,0.07,7783.762,7259.816,523.945,6.731,0.000,49.00,0.007216,0.011680,0.018896,15.000000,13.000000,0.000000,0.000000,0.000000,0.000000,0.015920,0.013800,0.029720,25.000000,13.000000,0.000000,0.000000,0.000000,0.000000,0.011432,0.012944,0.024376,15.000000,27.000000,0.000000,0.000000,0.000000,0.000000
1781801750.786726767,2026-06-18T16:55:50+00:00,4.449,0.07,7783.762,7261.234,522.527,6.713,0.000,48.00,0.006656,0.009880,0.016536,14.000000,12.000000,0.000000,0.000000,0.000000,0.000000,0.013040,0.013704,0.026744,21.000000,13.000000,0.000000,0.000000,0.000000,0.000000,0.009416,0.009104,0.018520,11.000000,20.000000,0.000000,0.000000,0.000000,0.000000
1781801752.198411226,2026-06-18T16:55:52+00:00,7.692,0.07,7783.762,7261.125,522.637,6.714,0.000,49.00,0.008176,0.014216,0.022392,17.000000,15.000000,0.000000,0.000000,1.000000,0.000000,0.017296,0.016552,0.033848,26.000000,13.000000,0.000000,0.000000,0.000000,0.000000,0.014928,0.012992,0.027920,14.000000,26.000000,0.000000,0.000000,0.000000,0.000000
1781801753.390482656,2026-06-18T16:55:53+00:00,4.228,0.07,7783.762,7268.676,515.086,6.617,0.000,49.00,0.007216,0.010656,0.017872,15.000000,11.000000,0.000000,0.000000,0.000000,0.000000,0.014416,0.013472,0.027888,22.000000,11.000000,0.000000,0.000000,0.000000,0.000000,0.008952,0.009616,0.018568,10.000000,20.000000,0.000000,0.000000,0.000000,0.000000
1781801754.726477394,2026-06-18T16:55:54+00:00,6.591,0.07,7783.762,7266.301,517.461,6.648,0.000,49.00,0.006656,0.009368,0.016024,14.000000,11.000000,0.000000,0.000000,0.000000,0.000000,0.031096,0.012184,0.043280,28.000000,11.000000,0.000000,0.000000,0.000000,0.000000,0.009368,0.028472,0.037840,11.000000,30.000000,0.000000,0.000000,0.000000,0.000000
1781801755.880711351,2026-06-18T16:55:55+00:00,4.113,0.07,7783.762,7267.289,516.473,6.635,0.000,49.00,0.006256,0.012472,0.018728,13.000000,11.000000,0.000000,0.000000,0.000000,0.000000,0.012464,0.016024,0.028488,19.000000,12.000000,0.000000,0.000000,0.000000,0.000000,0.016712,0.010160,0.026872,14.000000,21.000000,0.000000,0.000000,0.000000,0.000000
1781801757.256291575,2026-06-18T16:55:57+00:00,6.985,0.07,7783.762,7267.461,516.301,6.633,0.000,49.00,0.006688,0.015056,0.021744,14.000000,14.000000,0.000000,0.000000,1.000000,0.000000,0.017440,0.017904,0.035344,29.000000,13.000000,0.000000,0.000000,0.000000,0.000000,0.013560,0.012976,0.026536,14.000000,27.000000,0.000000,0.000000,0.000000,0.000000
1781801758.419011996,2026-06-18T16:55:58+00:00,4.545,0.07,7783.762,7266.727,517.035,6.642,0.000,49.00,0.007216,0.010688,0.017904,15.000000,11.000000,0.000000,0.000000,0.000000,0.000000,0.012512,0.013504,0.026016,17.000000,11.000000,0.000000,0.000000,0.000000,0.000000,0.007944,0.006656,0.014600,8.000000,14.000000,0.000000,0.000000,0.000000,0.000000
1781801759.570523362,2026-06-18T16:55:59+00:00,3.922,0.06,7783.762,7265.762,518.000,6.655,0.000,48.00,0.006256,0.008952,0.015208,13.000000,10.000000,0.000000,0.000000,0.000000,0.000000,0.014496,0.013736,0.028232,21.000000,13.000000,0.000000,0.000000,0.000000,0.000000,0.010920,0.010624,0.021544,14.000000,22.000000,0.000000,0.000000,0.000000,0.000000
1781801760.988427225,2026-06-18T16:56:00+00:00,7.665,0.06,7783.762,7264.797,518.965,6.667,0.000,49.00,0.006656,0.009880,0.016536,14.000000,12.000000,0.000000,0.000000,0.000000,0.000000,0.015216,0.015736,0.030952,20.000000,12.000000,0.000000,0.000000,0.000000,0.000000,0.012152,0.012320,0.024472,11.000000,21.000000,0.000000,0.000000,0.000000,0.000000
1781801762.350285802,2026-06-18T16:56:02+00:00,7.209,0.06,7783.762,7262.840,520.922,6.692,0.000,50.00,0.009136,0.016304,0.025440,19.000000,17.000000,0.000000,0.000000,1.000000,0.000000,0.015552,0.015648,0.031200,23.000000,14.000000,0.000000,0.000000,0.000000,0.000000,0.012064,0.010112,0.022176,14.000000,21.000000,0.000000,0.000000,0.000000,0.000000
1781801763.680018806,2026-06-18T16:56:03+00:00,6.629,0.06,7783.762,7259.406,524.355,6.737,0.000,49.00,0.008144,0.010408,0.018552,17.000000,13.000000,0.000000,0.000000,0.000000,0.000000,0.019072,0.013736,0.032808,26.000000,13.000000,0.000000,0.000000,0.000000,0.000000,0.010408,0.014240,0.024648,13.000000,25.000000,0.000000,0.000000,0.000000,0.000000
1781801764.944035914,2026-06-18T16:56:04+00:00,5.743,0.14,7783.762,7257.445,526.316,6.762,0.000,48.00,0.004768,0.008424,0.013192,10.000000,9.000000,0.000000,0.000000,0.000000,0.000000,0.011184,0.010728,0.021912,18.000000,9.000000,0.000000,0.000000,0.000000,0.000000,0.008904,0.009104,0.018008,10.000000,19.000000,0.000000,0.000000,0.000000,0.000000
1781801766.129503214,2026-06-18T16:56:06+00:00,4.025,0.14,7783.762,7256.238,527.523,6.777,0.000,49.00,0.007744,0.013192,0.020936,17.000000,13.000000,0.000000,0.000000,0.000000,0.000000,0.018160,0.016520,0.034680,24.000000,13.000000,0.000000,0.000000,0.000000,0.000000,0.012712,0.013328,0.026040,12.000000,23.000000,0.000000,0.000000,0.000000,0.000000
1781801767.278604519,2026-06-18T16:56:07+00:00,4.367,0.14,7783.762,7255.402,528.359,6.788,0.000,49.00,0.005200,0.011320,0.016520,10.000000,9.000000,0.000000,0.000000,1.000000,0.000000,0.015600,0.017136,0.032736,24.000000,12.000000,0.000000,0.000000,0.000000,0.000000,0.010656,0.011104,0.021760,11.000000,23.000000,0.000000,0.000000,0.000000,0.000000
1781801768.448787968,2026-06-18T16:56:08+00:00,4.310,0.14,7783.762,7255.605,528.156,6.785,0.000,49.00,0.007216,0.010656,0.017872,15.000000,11.000000,0.000000,0.000000,0.000000,0.000000,0.011872,0.009960,0.021832,19.000000,8.000000,0.000000,0.000000,0.000000,0.000000,0.007912,0.009056,0.016968,8.000000,19.000000,0.000000,0.000000,0.000000,0.000000
1781801769.596178224,2026-06-18T16:56:09+00:00,3.493,0.12,7783.762,7256.293,527.469,6.777,0.000,49.00,0.006256,0.007960,0.014216,13.000000,8.000000,0.000000,0.000000,0.000000,0.000000,0.016336,0.012232,0.028568,25.000000,11.000000,0.000000,0.000000,0.000000,0.000000,0.009416,0.011984,0.021400,11.000000,25.000000,0.000000,0.000000,0.000000,0.000000
1781801770.989301749,2026-06-18T16:56:10+00:00,7.776,0.12,7783.762,7258.340,525.422,6.750,0.000,49.00,0.007712,0.010360,0.018072,16.000000,13.000000,0.000000,0.000000,0.000000,0.000000,0.012752,0.011464,0.024216,20.000000,10.000000,0.000000,0.000000,0.000000,0.000000,0.008904,0.009680,0.018584,10.000000,20.000000,0.000000,0.000000,0.000000,0.000000
1781801772.140105662,2026-06-18T16:56:12+00:00,3.077,0.12,7783.762,7258.289,525.473,6.751,0.000,49.00,0.007744,0.014184,0.021928,17.000000,15.000000,0.000000,0.000000,1.000000,0.000000,0.015376,0.018024,0.033400,22.000000,15.000000,0.000000,0.000000,0.000000,0.000000,0.014184,0.010592,0.024776,15.000000,24.000000,0.000000,0.000000,0.000000,0.000000
1781801773.447517209,2026-06-18T16:56:13+00:00,6.142,0.12,7783.762,7256.871,526.891,6.769,0.000,48.00,0.007648,0.013312,0.020960,15.000000,17.000000,0.000000,0.000000,0.000000,0.000000,0.014896,0.017664,0.032560,23.000000,17.000000,0.000000,0.000000,0.000000,0.000000,0.012640,0.010576,0.023216,15.000000,20.000000,0.000000,0.000000,0.000000,0.000000
1781801774.608883588,2026-06-18T16:56:14+00:00,3.688,0.11,7783.762,7257.203,526.559,6.765,0.000,50.00,0.004768,0.009240,0.014008,10.000000,11.000000,0.000000,0.000000,0.000000,0.000000,0.013136,0.014280,0.027416,20.000000,14.000000,0.000000,0.000000,0.000000,0.000000,0.010360,0.010512,0.020872,13.000000,22.000000,0.000000,0.000000,0.000000,0.000000
1781801775.955440506,2026-06-18T16:56:15+00:00,7.276,0.11,7783.762,7257.477,526.285,6.761,0.000,48.00,0.008144,0.011400,0.019544,17.000000,15.000000,0.000000,0.000000,0.000000,0.000000,0.013424,0.013016,0.026440,21.000000,12.000000,0.000000,0.000000,0.000000,0.000000,0.009944,0.009136,0.019080,12.000000,19.000000,0.000000,0.000000,0.000000,0.000000
1781801777.119608547,2026-06-18T16:56:17+00:00,4.320,0.11,7783.762,7256.727,527.035,6.771,0.000,49.00,0.006256,0.012664,0.018920,13.000000,12.000000,0.000000,0.000000,1.000000,0.000000,0.015520,0.015736,0.031256,24.000000,12.000000,0.000000,0.000000,0.000000,0.000000,0.013144,0.011024,0.024168,13.000000,23.000000,0.000000,0.000000,0.000000,0.000000
1781801778.346886143,2026-06-18T16:56:18+00:00,4.742,0.11,7783.762,7257.148,526.613,6.766,0.000,49.00,0.007648,0.011616,0.019264,16.000000,13.000000,0.000000,0.000000,0.000000,0.000000,0.014432,0.014944,0.029376,22.000000,13.000000,0.000000,0.000000,0.000000,0.000000,0.011136,0.010592,0.021728,12.000000,23.000000,0.000000,0.000000,0.000000,0.000000
1781801779.560751221,2026-06-18T16:56:19+00:00,5.187,0.10,7783.762,7256.641,527.121,6.772,0.000,48.00,0.006592,0.010424,0.017016,14.000000,13.000000,0.000000,0.000000,0.000000,0.000000,0.012576,0.013752,0.026328,19.000000,13.000000,0.000000,0.000000,0.000000,0.000000,0.010424,0.008992,0.019416,13.000000,18.000000,0.000000,0.000000,0.000000,0.000000
1781801780.725205466,2026-06-18T16:56:20+00:00,3.888,0.10,7783.762,7256.555,527.207,6.773,0.000,49.00,0.006656,0.009400,0.016056,14.000000,11.000000,0.000000,0.000000,0.000000,0.000000,0.014552,0.012216,0.026768,20.000000,11.000000,0.000000,0.000000,0.000000,0.000000,0.009400,0.011928,0.021328,11.000000,22.000000,0.000000,0.000000,0.000000,0.000000
1781801782.013680007,2026-06-18T16:56:22+00:00,6.031,0.10,7783.762,7255.473,528.289,6.787,0.000,50.00,0.006256,0.009464,0.015720,13.000000,11.000000,0.000000,0.000000,1.000000,0.000000,0.012896,0.012280,0.025176,19.000000,11.000000,0.000000,0.000000,0.000000,0.000000,0.011344,0.009184,0.020528,13.000000,19.000000,0.000000,0.000000,0.000000,0.000000
1781801783.221569987,2026-06-18T16:56:23+00:00,4.574,0.10,7783.762,7253.094,530.668,6.818,0.000,49.00,0.006688,0.012664,0.019352,14.000000,12.000000,0.000000,0.000000,0.000000,0.000000,0.014640,0.015736,0.030376,22.000000,12.000000,0.000000,0.000000,0.000000,0.000000,0.013528,0.011584,0.025112,13.000000,24.000000,0.000000,0.000000,0.000000,0.000000
1781801784.521731999,2026-06-18T16:56:24+00:00,6.358,0.10,7783.762,7253.355,530.406,6.814,0.000,49.00,0.007216,0.010656,0.017872,15.000000,11.000000,0.000000,0.000000,0.000000,0.000000,0.013472,0.013472,0.026944,20.000000,11.000000,0.000000,0.000000,0.000000,0.000000,0.011432,0.008248,0.019680,9.000000,16.000000,0.000000,0.000000,0.000000,0.000000
1781801785.722824998,2026-06-18T16:56:25+00:00,5.042,0.10,7783.762,7253.363,530.398,6.814,0.000,49.00,0.008144,0.013928,0.022072,17.000000,14.000000,0.000000,0.000000,0.000000,0.000000,0.032856,0.017512,0.050368,30.000000,14.000000,0.000000,0.000000,0.000000,0.000000,0.010408,0.027872,0.038280,13.000000,29.000000,0.000000,0.000000,0.000000,0.000000
1781801786.873710860,2026-06-18T16:56:26+00:00,3.501,0.10,7783.762,7255.074,528.688,6.792,0.000,49.00,0.004768,0.007912,0.012680,10.000000,8.000000,0.000000,0.000000,1.000000,0.000000,0.012576,0.009960,0.022536,20.000000,8.000000,0.000000,0.000000,0.000000,0.000000,0.007912,0.009104,0.017016,8.000000,19.000000,0.000000,0.000000,0.000000,0.000000
1781801788.161225831,2026-06-18T16:56:28+00:00,5.859,0.10,7783.762,7256.398,527.363,6.775,0.000,49.00,0.008176,0.013192,0.021368,17.000000,13.000000,0.000000,0.000000,0.000000,0.000000,0.014944,0.017288,0.032232,22.000000,14.000000,0.000000,0.000000,0.000000,0.000000,0.015408,0.012032,0.027440,15.000000,25.000000,0.000000,0.000000,0.000000,0.000000
1781801789.517329030,2026-06-18T16:56:29+00:00,7.076,0.17,7783.762,7257.070,526.691,6.767,0.000,49.00,0.007216,0.011168,0.018384,15.000000,12.000000,0.000000,0.000000,0.000000,0.000000,0.017152,0.013472,0.030624,23.000000,11.000000,0.000000,0.000000,0.000000,0.000000,0.008952,0.011872,0.020824,10.000000,20.000000,0.000000,0.000000,0.000000,0.000000
1781801790.675972904,2026-06-18T16:56:30+00:00,3.471,0.17,7783.762,7256.949,526.812,6.768,0.000,49.00,0.004768,0.007400,0.012168,10.000000,7.000000,0.000000,0.000000,0.000000,0.000000,0.014096,0.011416,0.025512,22.000000,10.000000,0.000000,0.000000,0.000000,0.000000,0.008856,0.011472,0.020328,10.000000,24.000000,0.000000,0.000000,0.000000,0.000000
1781801792.002915210,2026-06-18T16:56:32+00:00,6.464,0.17,7783.762,7256.465,527.297,6.774,0.000,49.00,0.008144,0.009928,0.018072,17.000000,12.000000,0.000000,0.000000,1.000000,0.000000,0.014816,0.010776,0.025592,23.000000,9.000000,0.000000,0.000000,0.000000,0.000000,0.008472,0.009616,0.018088,9.000000,20.000000,0.000000,0.000000,0.000000,0.000000
1781801793.158645592,2026-06-18T16:56:33+00:00,3.888,0.17,7783.762,7256.477,527.285,6.774,0.000,49.00,0.006688,0.011672,0.018360,14.000000,10.000000,0.000000,0.000000,0.000000,0.000000,0.016864,0.015736,0.032600,24.000000,12.000000,0.000000,0.000000,0.000000,0.000000,0.015408,0.016208,0.031616,15.000000,29.000000,0.000000,0.000000,0.000000,0.000000
1781801794.530486650,2026-06-18T16:56:34+00:00,7.890,0.16,7783.762,7256.488,527.273,6.774,0.000,49.00,0.007216,0.011648,0.018864,15.000000,13.000000,0.000000,0.000000,0.000000,0.000000,0.013472,0.013472,0.026944,19.000000,11.000000,0.000000,0.000000,0.000000,0.000000,0.007912,0.006704,0.014616,8.000000,14.000000,0.000000,0.000000,0.000000,0.000000
1781801795.689358524,2026-06-18T16:56:35+00:00,3.696,0.16,7783.762,7255.016,528.746,6.793,0.000,49.00,0.008144,0.012392,0.020536,17.000000,17.000000,0.000000,0.000000,0.000000,0.000000,0.021952,0.016744,0.038696,32.000000,17.000000,0.000000,0.000000,0.000000,0.000000,0.012392,0.017600,0.029992,17.000000,32.000000,0.000000,0.000000,0.000000,0.000000
1781801797.061906063,2026-06-18T16:56:37+00:00,7.169,0.16,7783.762,7253.312,530.449,6.815,0.000,50.00,0.004768,0.008904,0.013672,10.000000,10.000000,0.000000,0.000000,1.000000,0.000000,0.013360,0.011464,0.024824,21.000000,11.000000,0.000000,0.000000,0.000000,0.000000,0.012664,0.010592,0.023256,12.000000,22.000000,0.000000,0.000000,0.000000,0.000000
1781801798.223666987,2026-06-18T16:56:38+00:00,3.896,0.16,7783.762,7252.512,531.250,6.825,0.000,49.00,0.008176,0.013192,0.021368,17.000000,13.000000,0.000000,0.000000,0.000000,0.000000,0.016064,0.017256,0.033320,25.000000,13.000000,0.000000,0.000000,0.000000,0.000000,0.010424,0.011984,0.022408,13.000000,25.000000,0.000000,0.000000,0.000000,0.000000
1781801799.380625763,2026-06-18T16:56:39+00:00,3.896,0.14,7783.762,7250.527,533.234,6.851,0.000,49.00,0.007216,0.013152,0.020368,15.000000,16.000000,0.000000,0.000000,0.000000,0.000000,0.016832,0.016512,0.033344,27.000000,15.000000,0.000000,0.000000,0.000000,0.000000,0.012160,0.012496,0.024656,14.000000,26.000000,0.000000,0.000000,0.000000,0.000000
1781801800.787073345,2026-06-18T16:56:40+00:00,7.387,0.14,7783.762,7249.777,533.984,6.860,0.000,49.00,0.006656,0.010328,0.016984,14.000000,13.000000,0.000000,0.000000,0.000000,0.000000,0.017456,0.013656,0.031112,29.000000,13.000000,0.000000,0.000000,0.000000,0.000000,0.010328,0.013392,0.023720,13.000000,28.000000,0.000000,0.000000,0.000000,0.000000
1781801801.932790741,2026-06-18T16:56:41+00:00,3.493,0.14,7783.762,7250.629,533.133,6.849,0.000,50.00,0.006256,0.009432,0.015688,13.000000,11.000000,0.000000,0.000000,1.000000,0.000000,0.014848,0.012248,0.027096,22.000000,11.000000,0.000000,0.000000,0.000000,0.000000,0.009432,0.010608,0.020040,11.000000,21.000000,0.000000,0.000000,0.000000,0.000000
1781801803.242648525,2026-06-18T16:56:43+00:00,6.718,0.14,7783.762,7253.281,530.480,6.815,0.000,49.00,0.006688,0.011672,0.018360,14.000000,10.000000,0.000000,0.000000,0.000000,0.000000,0.012688,0.014232,0.026920,19.000000,10.000000,0.000000,0.000000,0.000000,0.000000,0.013376,0.010064,0.023440,11.000000,22.000000,0.000000,0.000000,0.000000,0.000000
1781801804.406372270,2026-06-18T16:56:44+00:00,4.113,0.13,7783.762,7254.000,529.762,6.806,0.000,48.00,0.007216,0.011648,0.018864,15.000000,14.000000,0.000000,0.000000,0.000000,0.000000,0.015392,0.015744,0.031136,24.000000,14.000000,0.000000,0.000000,0.000000,0.000000,0.010456,0.010592,0.021048,13.000000,21.000000,0.000000,0.000000,0.000000,0.000000
1781801805.696394829,2026-06-18T16:56:45+00:00,6.250,0.13,7783.762,7254.801,528.961,6.796,0.000,49.00,0.008144,0.011432,0.019576,17.000000,14.000000,0.000000,0.000000,0.000000,0.000000,0.017776,0.014504,0.032280,28.000000,14.000000,0.000000,0.000000,0.000000,0.000000,0.010920,0.013424,0.024344,14.000000,28.000000,0.000000,0.000000,0.000000,0.000000
1781801806.873301830,2026-06-18T16:56:46+00:00,4.060,0.13,7783.762,7254.148,529.613,6.804,0.000,49.00,0.004768,0.007912,0.012680,10.000000,8.000000,0.000000,0.000000,1.000000,0.000000,0.011136,0.009960,0.021096,17.000000,8.000000,0.000000,0.000000,0.000000,0.000000,0.008392,0.007664,0.016056,9.000000,16.000000,0.000000,0.000000,0.000000,0.000000
1781801808.210215117,2026-06-18T16:56:48+00:00,6.955,0.13,7783.762,7254.152,529.609,6.804,0.000,49.00,0.008176,0.013192,0.021368,17.000000,13.000000,0.000000,0.000000,0.000000,0.000000,0.014976,0.018480,0.033456,21.000000,14.000000,0.000000,0.000000,0.000000,0.000000,0.014416,0.010112,0.024528,13.000000,22.000000,0.000000,0.000000,0.000000,0.000000
1781801809.598000802,2026-06-18T16:56:49+00:00,7.609,0.12,7783.762,7253.676,530.086,6.810,0.000,49.00,0.007216,0.011168,0.018384,15.000000,12.000000,0.000000,0.000000,0.000000,0.000000,0.013312,0.013768,0.027080,23.000000,14.000000,0.000000,0.000000,0.000000,0.000000,0.010920,0.011024,0.021944,14.000000,22.000000,0.000000,0.000000,0.000000,0.000000
1781801810.931814518,2026-06-18T16:56:50+00:00,6.604,0.12,7783.762,7254.664,529.098,6.797,0.000,49.00,0.006656,0.009368,0.016024,14.000000,11.000000,0.000000,0.000000,0.000000,0.000000,0.012768,0.010696,0.023464,17.000000,8.000000,0.000000,0.000000,0.000000,0.000000,0.008392,0.008144,0.016536,9.000000,17.000000,0.000000,0.000000,0.000000,0.000000
1781801812.222867954,2026-06-18T16:56:52+00:00,6.433,0.12,7783.762,7256.980,526.781,6.768,0.000,49.00,0.008176,0.012680,0.020856,17.000000,12.000000,0.000000,0.000000,1.000000,0.000000,0.018240,0.015752,0.033992,28.000000,12.000000,0.000000,0.000000,0.000000,0.000000,0.012200,0.012976,0.025176,11.000000,27.000000,0.000000,0.000000,0.000000,0.000000
1781801813.381046939,2026-06-18T16:56:53+00:00,3.720,0.12,7783.762,7256.996,526.766,6.767,0.000,50.00,0.006784,0.010656,0.017440,15.000000,11.000000,0.000000,0.000000,0.000000,0.000000,0.014912,0.013472,0.028384,23.000000,11.000000,0.000000,0.000000,0.000000,0.000000,0.010656,0.011072,0.021728,11.000000,23.000000,0.000000,0.000000,0.000000,0.000000
1781801814.526899822,2026-06-18T16:56:54+00:00,3.712,0.11,7783.762,7257.098,526.664,6.766,0.000,49.00,0.005200,0.007432,0.012632,10.000000,7.000000,0.000000,0.000000,0.000000,0.000000,0.011664,0.009992,0.021656,20.000000,8.000000,0.000000,0.000000,0.000000,0.000000,0.007944,0.013848,0.021792,11.000000,25.000000,0.000000,0.000000,0.000000,0.000000
1781801815.845984834,2026-06-18T16:56:55+00:00,6.489,0.11,7783.762,7258.980,524.781,6.742,0.000,49.00,0.008144,0.014440,0.022584,17.000000,15.000000,0.000000,0.000000,0.000000,0.000000,0.032856,0.017512,0.050368,29.000000,14.000000,0.000000,0.000000,0.000000,0.000000,0.013928,0.023760,0.037688,11.000000,24.000000,0.000000,0.000000,0.000000,0.000000
1781801817.014540675,2026-06-18T16:56:57+00:00,3.871,0.11,7783.762,7260.816,522.945,6.718,0.000,50.00,0.004768,0.008392,0.013160,10.000000,9.000000,0.000000,0.000000,1.000000,0.000000,0.013392,0.014968,0.028360,20.000000,11.000000,0.000000,0.000000,0.000000,0.000000,0.012152,0.009584,0.021736,12.000000,20.000000,0.000000,0.000000,0.000000,0.000000
1781801818.407273134,2026-06-18T16:56:58+00:00,7.595,0.11,7783.762,7261.727,522.035,6.707,0.000,50.00,0.009136,0.015408,0.024544,19.000000,15.000000,0.000000,0.000000,0.000000,0.000000,0.018000,0.015744,0.033744,30.000000,14.000000,0.000000,0.000000,0.000000,0.000000,0.012160,0.016208,0.028368,13.000000,29.000000,0.000000,0.000000,0.000000,0.000000
1781801819.756525128,2026-06-18T16:56:59+00:00,6.903,0.10,7783.762,7261.344,522.418,6.712,0.000,50.00,0.008144,0.011432,0.019576,17.000000,15.000000,0.000000,0.000000,0.000000,0.000000,0.018592,0.014504,0.033096,24.000000,14.000000,0.000000,0.000000,0.000000,0.000000,0.010920,0.011504,0.022424,14.000000,24.000000,0.000000,0.000000,0.000000,0.000000
1781801820.915435828,2026-06-18T16:57:00+00:00,3.680,0.10,7783.762,7261.066,522.695,6.715,0.000,50.00,0.004768,0.008424,0.013192,10.000000,9.000000,0.000000,0.000000,0.000000,0.000000,0.011664,0.010728,0.022392,19.000000,9.000000,0.000000,0.000000,0.000000,0.000000,0.012184,0.010592,0.022776,11.000000,22.000000,0.000000,0.000000,0.000000,0.000000
1781801822.314513815,2026-06-18T16:57:02+00:00,8.468,0.10,7783.762,7261.961,521.801,6.704,0.000,49.00,0.009136,0.015408,0.024544,19.000000,15.000000,0.000000,0.000000,1.000000,0.000000,0.019568,0.019248,0.038816,25.000000,15.000000,0.000000,0.000000,0.000000,0.000000,0.011648,0.012800,0.024448,13.000000,22.000000,0.000000,0.000000,0.000000,0.000000
1781801823.498709554,2026-06-18T16:57:03+00:00,4.255,0.10,7783.762,7261.660,522.102,6.708,0.000,50.00,0.006256,0.011384,0.017640,13.000000,15.000000,0.000000,0.000000,0.000000,0.000000,0.013920,0.015224,0.029144,22.000000,15.000000,0.000000,0.000000,0.000000,0.000000,0.011384,0.010096,0.021480,15.000000,21.000000,0.000000,0.000000,0.000000,0.000000
1781801824.836993140,2026-06-18T16:57:04+00:00,6.767,0.09,7783.762,7261.273,522.488,6.713,0.000,49.00,0.006656,0.009880,0.016536,14.000000,12.000000,0.000000,0.000000,0.000000,0.000000,0.016352,0.012952,0.029304,22.000000,12.000000,0.000000,0.000000,0.000000,0.000000,0.009880,0.012768,0.022648,12.000000,22.000000,0.000000,0.000000,0.000000,0.000000
1781801826.109929744,2026-06-18T16:57:06+00:00,5.545,0.09,7783.762,7263.219,520.543,6.688,0.000,50.00,0.006256,0.007960,0.014216,13.000000,8.000000,0.000000,0.000000,0.000000,0.000000,0.013760,0.014280,0.028040,20.000000,10.000000,0.000000,0.000000,0.000000,0.000000,0.011720,0.010096,0.021816,10.000000,21.000000,0.000000,0.000000,0.000000,0.000000
1781801827.273170859,2026-06-18T16:57:07+00:00,3.879,0.09,7783.762,7263.535,520.227,6.683,0.000,50.00,0.008176,0.014408,0.022584,18.000000,14.000000,0.000000,0.000000,1.000000,0.000000,0.017472,0.015744,0.033216,28.000000,14.000000,0.000000,0.000000,0.000000,0.000000,0.012160,0.012992,0.025152,14.000000,27.000000,0.000000,0.000000,0.000000,0.000000
1781801828.632306569,2026-06-18T16:57:08+00:00,7.209,0.09,7783.762,7261.090,522.672,6.715,0.000,49.00,0.005728,0.009936,0.015664,11.000000,11.000000,0.000000,0.000000,0.000000,0.000000,0.013104,0.010728,0.023832,21.000000,9.000000,0.000000,0.000000,0.000000,0.000000,0.010392,0.011952,0.022344,13.000000,25.000000,0.000000,0.000000,0.000000,0.000000
1781801829.828077869,2026-06-18T16:57:09+00:00,4.202,0.08,7783.762,7261.145,522.617,6.714,0.000,50.00,0.008144,0.010408,0.018552,17.000000,13.000000,0.000000,0.000000,0.000000,0.000000,0.014416,0.013736,0.028152,21.000000,13.000000,0.000000,0.000000,0.000000,0.000000,0.008440,0.007696,0.016136,9.000000,16.000000,0.000000,0.000000,0.000000,0.000000
1781801831.165924645,2026-06-18T16:57:11+00:00,7.345,0.08,7783.762,7258.617,525.145,6.747,0.000,49.00,0.006592,0.011672,0.018264,15.000000,10.000000,0.000000,0.000000,0.000000,0.000000,0.012320,0.014232,0.026552,18.000000,10.000000,0.000000,0.000000,0.000000,0.000000,0.011672,0.008480,0.020152,10.000000,18.000000,0.000000,0.000000,0.000000,0.000000
1781801832.333393713,2026-06-18T16:57:12+00:00,3.879,0.08,7783.762,7257.262,526.500,6.764,0.000,50.00,0.007648,0.010144,0.017792,15.000000,10.000000,0.000000,0.000000,1.000000,0.000000,0.012944,0.013440,0.026384,19.000000,11.000000,0.000000,0.000000,0.000000,0.000000,0.010624,0.008672,0.019296,11.000000,18.000000,0.000000,0.000000,0.000000,0.000000
1781801833.739667955,2026-06-18T16:57:13+00:00,7.527,0.08,7783.762,7257.207,526.555,6.765,0.000,49.00,0.008144,0.010376,0.018520,17.000000,13.000000,0.000000,0.000000,0.000000,0.000000,0.016336,0.013736,0.030072,24.000000,13.000000,0.000000,0.000000,0.000000,0.000000,0.010408,0.011504,0.021912,13.000000,24.000000,0.000000,0.000000,0.000000,0.000000
1781801834.892917094,2026-06-18T16:57:14+00:00,3.712,0.08,7783.762,7258.051,525.711,6.754,0.000,51.00,0.004768,0.008424,0.013192,10.000000,9.000000,0.000000,0.000000,0.000000,0.000000,0.011664,0.009960,0.021624,19.000000,8.000000,0.000000,0.000000,0.000000,0.000000,0.007912,0.009104,0.017016,8.000000,19.000000,0.000000,0.000000,0.000000,0.000000
1781801836.234463464,2026-06-18T16:57:16+00:00,6.742,0.08,7783.762,7259.953,523.809,6.730,0.000,49.00,0.008176,0.012712,0.020888,17.000000,12.000000,0.000000,0.000000,0.000000,0.000000,0.013968,0.015784,0.029752,20.000000,12.000000,0.000000,0.000000,0.000000,0.000000,0.014416,0.010576,0.024992,13.000000,22.000000,0.000000,0.000000,0.000000,0.000000
1781801837.428203548,2026-06-18T16:57:17+00:00,4.228,0.08,7783.762,7261.285,522.477,6.712,0.000,49.00,0.007216,0.010176,0.017392,15.000000,10.000000,0.000000,0.000000,1.000000,0.000000,0.016304,0.012736,0.029040,25.000000,10.000000,0.000000,0.000000,0.000000,0.000000,0.008472,0.010592,0.019064,9.000000,22.000000,0.000000,0.000000,0.000000,0.000000
1781801838.742289809,2026-06-18T16:57:18+00:00,6.310,0.08,7783.762,7260.723,523.039,6.720,0.000,49.00,0.006224,0.008408,0.014632,13.000000,9.000000,0.000000,0.000000,0.000000,0.000000,0.012448,0.010712,0.023160,19.000000,9.000000,0.000000,0.000000,0.000000,0.000000,0.008408,0.010080,0.018488,9.000000,21.000000,0.000000,0.000000,0.000000,0.000000
1781801839.915251821,2026-06-18T16:57:19+00:00,4.925,0.07,7783.762,7261.223,522.539,6.713,0.000,49.00,0.007120,0.009912,0.017032,15.000000,12.000000,0.000000,0.000000,0.000000,0.000000,0.014320,0.012984,0.027304,22.000000,12.000000,0.000000,0.000000,0.000000,0.000000,0.009912,0.009520,0.019432,12.000000,20.000000,0.000000,0.000000,0.000000,0.000000
1781801841.065717875,2026-06-18T16:57:21+00:00,3.720,0.07,7783.762,7258.344,525.418,6.750,0.000,50.00,0.004768,0.008424,0.013192,10.000000,9.000000,0.000000,0.000000,0.000000,0.000000,0.016776,0.015000,0.031776,25.000000,11.000000,0.000000,0.000000,0.000000,0.000000,0.012664,0.013880,0.026544,12.000000,26.000000,0.000000,0.000000,0.000000,0.000000
1781801842.411159767,2026-06-18T16:57:22+00:00,7.076,0.07,7783.762,7258.770,524.992,6.745,0.000,50.00,0.009136,0.015408,0.024544,19.000000,15.000000,0.000000,0.000000,1.000000,0.000000,0.016016,0.015744,0.031760,24.000000,14.000000,0.000000,0.000000,0.000000,0.000000,0.011680,0.010576,0.022256,13.000000,22.000000,0.000000,0.000000,0.000000,0.000000
1781801843.564455806,2026-06-18T16:57:23+00:00,3.704,0.07,7783.762,7259.277,524.484,6.738,0.000,49.00,0.006256,0.009464,0.015720,13.000000,11.000000,0.000000,0.000000,0.000000,0.000000,0.012480,0.011512,0.023992,19.000000,10.000000,0.000000,0.000000,0.000000,0.000000,0.008952,0.009152,0.018104,10.000000,19.000000,0.000000,0.000000,0.000000,0.000000
1781801844.720790063,2026-06-18T16:57:24+00:00,3.486,0.07,7783.762,7257.656,526.105,6.759,0.000,50.00,0.004768,0.008936,0.013704,10.000000,10.000000,0.000000,0.000000,0.000000,0.000000,0.016424,0.013720,0.030144,22.000000,13.000000,0.000000,0.000000,0.000000,0.000000,0.010392,0.012840,0.023232,13.000000,24.000000,0.000000,0.000000,0.000000,0.000000
1781801845.873223131,2026-06-18T16:57:25+00:00,3.486,0.07,7783.762,7257.090,526.672,6.766,0.000,50.00,0.008144,0.014440,0.022584,17.000000,15.000000,0.000000,0.000000,0.000000,0.000000,0.027136,0.016824,0.043960,25.000000,13.000000,0.000000,0.000000,0.000000,0.000000,0.013496,0.023808,0.037304,13.000000,26.000000,0.000000,0.000000,0.000000,0.000000
1781801847.269797246,2026-06-18T16:57:27+00:00,7.734,0.07,7783.762,7253.914,529.848,6.807,0.000,49.00,0.006688,0.012152,0.018840,14.000000,11.000000,0.000000,0.000000,1.000000,0.000000,0.016480,0.014200,0.030680,26.000000,10.000000,0.000000,0.000000,0.000000,0.000000,0.011640,0.012512,0.024152,10.000000,23.000000,0.000000,0.000000,0.000000,0.000000
1781801848.421233872,2026-06-18T16:57:28+00:00,4.148,0.07,7783.762,7254.625,529.137,6.798,0.000,50.00,0.007216,0.010176,0.017392,15.000000,10.000000,0.000000,0.000000,0.000000,0.000000,0.016192,0.012736,0.028928,21.000000,10.000000,0.000000,0.000000,0.000000,0.000000,0.010176,0.011824,0.022000,10.000000,20.000000,0.000000,0.000000,0.000000,0.000000
1781801849.569918635,2026-06-18T16:57:29+00:00,3.728,0.06,7783.762,7256.184,527.578,6.778,0.000,49.00,0.006256,0.008952,0.015208,13.000000,10.000000,0.000000,0.000000,0.000000,0.000000,0.012960,0.011512,0.024472,20.000000,10.000000,0.000000,0.000000,0.000000,0.000000,0.008952,0.009632,0.018584,10.000000,20.000000,0.000000,0.000000,0.000000,0.000000
1781801850.718974268,2026-06-18T16:57:30+00:00,3.704,0.06,7783.762,7255.590,528.172,6.786,0.000,50.00,0.006656,0.010392,0.017048,14.000000,13.000000,0.000000,0.000000,0.000000,0.000000,0.014096,0.013720,0.027816,22.000000,13.000000,0.000000,0.000000,0.000000,0.000000,0.010392,0.010512,0.020904,13.000000,22.000000,0.000000,0.000000,0.000000,0.000000
1781801852.105308279,2026-06-18T16:57:32+00:00,7.468,0.06,7783.762,7256.152,527.609,6.778,0.000,49.00,0.006256,0.009976,0.016232,13.000000,12.000000,0.000000,0.000000,1.000000,0.000000,0.018096,0.017320,0.035416,23.000000,14.000000,0.000000,0.000000,0.000000,0.000000,0.013736,0.012832,0.026568,14.000000,22.000000,0.000000,0.000000,0.000000,0.000000
1781801853.453592075,2026-06-18T16:57:33+00:00,7.076,0.06,7783.762,7256.973,526.789,6.768,0.000,48.00,0.009136,0.014896,0.024032,19.000000,14.000000,0.000000,0.000000,0.000000,0.000000,0.013472,0.014208,0.027680,20.000000,12.000000,0.000000,0.000000,0.000000,0.000000,0.011136,0.009632,0.020768,12.000000,20.000000,0.000000,0.000000,0.000000,0.000000
1781801854.624959051,2026-06-18T16:57:34+00:00,3.863,0.06,7783.762,7256.828,526.934,6.770,0.000,49.00,0.004768,0.007400,0.012168,10.000000,7.000000,0.000000,0.000000,0.000000,0.000000,0.015392,0.011416,0.026808,20.000000,10.000000,0.000000,0.000000,0.000000,0.000000,0.008856,0.013248,0.022104,10.000000,23.000000,0.000000,0.000000,0.000000,0.000000
1781801856.022029972,2026-06-18T16:57:36+00:00,7.568,0.06,7783.762,7257.922,525.840,6.756,0.000,49.00,0.008144,0.010888,0.019032,17.000000,14.000000,0.000000,0.000000,0.000000,0.000000,0.016304,0.012248,0.028552,27.000000,11.000000,0.000000,0.000000,0.000000,0.000000,0.009432,0.011536,0.020968,11.000000,24.000000,0.000000,0.000000,0.000000,0.000000
1781801857.186036568,2026-06-18T16:57:37+00:00,3.680,0.06,7783.762,7256.781,526.980,6.770,0.000,49.00,0.006256,0.012664,0.018920,13.000000,12.000000,0.000000,0.000000,1.000000,0.000000,0.014560,0.016472,0.031032,22.000000,13.000000,0.000000,0.000000,0.000000,0.000000,0.015888,0.012080,0.027968,16.000000,26.000000,0.000000,0.000000,0.000000,0.000000
1781801858.548047719,2026-06-18T16:57:38+00:00,8.073,0.06,7783.762,7256.879,526.883,6.769,0.000,49.00,0.007648,0.012096,0.019744,16.000000,14.000000,0.000000,0.000000,0.000000,0.000000,0.012496,0.014944,0.027440,18.000000,13.000000,0.000000,0.000000,0.000000,0.000000,0.008872,0.007136,0.016008,10.000000,14.000000,0.000000,0.000000,0.000000,0.000000
1781801859.700638390,2026-06-18T16:57:39+00:00,3.501,0.05,7783.762,7256.930,526.832,6.768,0.000,49.00,0.006256,0.008952,0.015208,13.000000,10.000000,0.000000,0.000000,0.000000,0.000000,0.017792,0.013736,0.031528,28.000000,13.000000,0.000000,0.000000,0.000000,0.000000,0.010408,0.012944,0.023352,13.000000,27.000000,0.000000,0.000000,0.000000,0.000000
1781801860.868067531,2026-06-18T16:57:40+00:00,4.086,0.05,7783.762,7257.371,526.391,6.763,0.000,49.00,0.006656,0.009848,0.016504,14.000000,12.000000,0.000000,0.000000,0.000000,0.000000,0.016464,0.010696,0.027160,29.000000,9.000000,0.000000,0.000000,0.000000,0.000000,0.008392,0.013904,0.022296,9.000000,29.000000,0.000000,0.000000,0.000000,0.000000
1781801862.224046269,2026-06-18T16:57:42+00:00,6.890,0.05,7783.762,7257.309,526.453,6.763,0.000,50.00,0.008176,0.013672,0.021848,17.000000,14.000000,0.000000,0.000000,1.000000,0.000000,0.016320,0.017256,0.033576,28.000000,14.000000,0.000000,0.000000,0.000000,0.000000,0.015376,0.013936,0.029312,15.000000,29.000000,0.000000,0.000000,0.000000,0.000000
1781801863.506048805,2026-06-18T16:57:43+00:00,6.078,0.05,7783.762,7256.543,527.219,6.773,0.000,49.00,0.007216,0.011136,0.018352,15.000000,12.000000,0.000000,0.000000,0.000000,0.000000,0.016832,0.014944,0.031776,23.000000,13.000000,0.000000,0.000000,0.000000,0.000000,0.009912,0.010112,0.020024,12.000000,21.000000,0.000000,0.000000,0.000000,0.000000
1781801864.825219162,2026-06-18T16:57:44+00:00,6.476,0.05,7783.762,7255.508,528.254,6.787,0.000,50.00,0.006656,0.010840,0.017496,14.000000,14.000000,0.000000,0.000000,0.000000,0.000000,0.014096,0.013688,0.027784,22.000000,13.000000,0.000000,0.000000,0.000000,0.000000,0.010360,0.010512,0.020872,13.000000,22.000000,0.000000,0.000000,0.000000,0.000000
1781801865.990568351,2026-06-18T16:57:45+00:00,3.471,0.05,7783.762,7256.043,527.719,6.780,0.000,50.00,0.006256,0.009976,0.016232,13.000000,12.000000,0.000000,0.000000,0.000000,0.000000,0.014384,0.013048,0.027432,23.000000,12.000000,0.000000,0.000000,0.000000,0.000000,0.009976,0.011056,0.021032,12.000000,24.000000,0.000000,0.000000,0.000000,0.000000
1781801867.294988815,2026-06-18T16:57:47+00:00,6.923,0.05,7783.762,7255.445,528.316,6.787,0.000,49.00,0.006688,0.012696,0.019384,14.000000,12.000000,0.000000,0.000000,1.000000,0.000000,0.017600,0.018504,0.036104,26.000000,15.000000,0.000000,0.000000,0.000000,0.000000,0.015440,0.012080,0.027520,15.000000,24.000000,0.000000,0.000000,0.000000,0.000000
1781801868.477750069,2026-06-18T16:57:48+00:00,4.671,0.05,7783.762,7254.793,528.969,6.796,0.000,50.00,0.007216,0.010656,0.017872,15.000000,11.000000,0.000000,0.000000,0.000000,0.000000,0.009936,0.010736,0.020672,15.000000,8.000000,0.000000,0.000000,0.000000,0.000000,0.007912,0.007120,0.015032,9.000000,15.000000,0.000000,0.000000,0.000000,0.000000
1781801869.635252844,2026-06-18T16:57:49+00:00,3.704,0.04,7783.762,7253.879,529.883,6.808,0.000,49.00,0.006256,0.009944,0.016200,13.000000,12.000000,0.000000,0.000000,0.000000,0.000000,0.013920,0.013016,0.026936,22.000000,12.000000,0.000000,0.000000,0.000000,0.000000,0.009944,0.011072,0.021016,11.000000,23.000000,0.000000,0.000000,0.000000,0.000000
1781801870.795284876,2026-06-18T16:57:50+00:00,3.896,0.04,7783.762,7255.047,528.715,6.793,0.000,49.00,0.006656,0.008888,0.015544,14.000000,10.000000,0.000000,0.000000,0.000000,0.000000,0.015056,0.011448,0.026504,24.000000,10.000000,0.000000,0.000000,0.000000,0.000000,0.008888,0.010992,0.019880,10.000000,23.000000,0.000000,0.000000,0.000000,0.000000
1781801872.175138749,2026-06-18T16:57:52+00:00,7.482,0.04,7783.762,7255.934,527.828,6.781,0.000,50.00,0.007744,0.012712,0.020456,16.000000,12.000000,0.000000,0.000000,1.000000,0.000000,0.015632,0.015784,0.031416,23.000000,12.000000,0.000000,0.000000,0.000000,0.000000,0.012712,0.011056,0.023768,12.000000,23.000000,0.000000,0.000000,0.000000,0.000000
1781801873.324031519,2026-06-18T16:57:53+00:00,3.289,0.04,7783.762,7255.383,528.379,6.788,0.000,50.00,0.005200,0.008424,0.013624,11.000000,9.000000,0.000000,0.000000,0.000000,0.000000,0.014432,0.015008,0.029440,22.000000,13.000000,0.000000,0.000000,0.000000,0.000000,0.011680,0.010592,0.022272,13.000000,22.000000,0.000000,0.000000,0.000000,0.000000
1781801874.652744725,2026-06-18T16:57:54+00:00,6.780,0.04,7783.762,7255.480,528.281,6.787,0.000,50.00,0.007216,0.011680,0.018896,15.000000,13.000000,0.000000,0.000000,0.000000,0.000000,0.022768,0.011464,0.034232,21.000000,10.000000,0.000000,0.000000,0.000000,0.000000,0.008904,0.019520,0.028424,10.000000,20.000000,0.000000,0.000000,0.000000,0.000000
1781801875.844684265,2026-06-18T16:57:55+00:00,4.852,0.04,7783.762,7256.676,527.086,6.772,0.000,49.00,0.008576,0.014408,0.022984,18.000000,15.000000,0.000000,0.000000,0.000000,0.000000,0.021208,0.017512,0.038720,26.000000,14.000000,0.000000,0.000000,0.000000,0.000000,0.013928,0.016600,0.030528,14.000000,27.000000,0.000000,0.000000,0.000000,0.000000
1781801877.090614310,2026-06-18T16:57:57+00:00,5.668,0.04,7783.762,7255.562,528.199,6.786,0.000,49.00,0.004768,0.007912,0.012680,10.000000,8.000000,0.000000,0.000000,1.000000,0.000000,0.012096,0.009960,0.022056,19.000000,8.000000,0.000000,0.000000,0.000000,0.000000,0.011672,0.010112,0.021784,10.000000,20.000000,0.000000,0.000000,0.000000,0.000000
1781801878.267238757,2026-06-18T16:57:58+00:00,4.069,0.04,7783.762,7253.602,530.160,6.811,0.000,49.00,0.008176,0.012712,0.020888,17.000000,12.000000,0.000000,0.000000,0.000000,0.000000,0.019104,0.015784,0.034888,26.000000,12.000000,0.000000,0.000000,0.000000,0.000000,0.010656,0.014224,0.024880,11.000000,25.000000,0.000000,0.000000,0.000000,0.000000
1781801879.558210629,2026-06-18T16:57:59+00:00,6.214,0.04,7783.762,7252.867,530.895,6.821,0.000,49.00,0.007216,0.011168,0.018384,15.000000,12.000000,0.000000,0.000000,0.000000,0.000000,0.013472,0.014976,0.028448,20.000000,13.000000,0.000000,0.000000,0.000000,0.000000,0.011400,0.010560,0.021960,15.000000,22.000000,0.000000,0.000000,0.000000,0.000000
