sample,elapsed_s,mem_total_mib,swpd_mib,free_mib,buff_mib,cache_mib,available_proxy_mib,used_including_cache_mib,used_including_cache_pct,used_without_buffer_cache_mib,used_without_buffer_cache_pct,swap_in_kib_s,swap_out_kib_s,context_switches_s,cpu_user_pct,cpu_system_pct,cpu_idle_pct,cpu_iowait_pct
1,0,24032.0,2.2734375,1312.5,392.6796875,19932.04296875,21637.22265625,22719.5,94.53853195739015,2394.77734375,9.964952329186087,0.0,0.0,3635.0,7.0,7.0,86.0,0.0
2,1,24032.0,2.2734375,1326.2578125,392.6796875,19932.125,21651.0625,22705.7421875,94.4812840691578,2380.9375,9.907363099201065,0.0,0.0,1702.0,2.0,2.0,96.0,0.0
3,2,24032.0,2.2734375,1325.61328125,392.6796875,19932.15625,21650.44921875,22706.38671875,94.48396604007158,2381.55078125,9.90991503516145,0.0,0.0,2303.0,3.0,3.0,94.0,0.0
4,3,24032.0,2.2734375,1327.7578125,392.6796875,19932.1796875,21652.6171875,22704.2421875,94.47504239139481,2379.3828125,9.90089386026964,0.0,0.0,1789.0,1.0,2.0,97.0,0.0
5,4,24032.0,2.2734375,1326.1328125,392.6796875,19932.2109375,21651.0234375,22705.8671875,94.48180420897138,2380.9765625,9.90752564289281,0.0,0.0,2120.0,2.0,2.0,96.0,0.0
6,5,24032.0,2.2734375,1343.23046875,392.6875,19932.24609375,21668.1640625,22688.76953125,94.41065883509488,2363.8359375,9.836201470955393,0.0,0.0,2766.0,3.0,4.0,93.0,0.0
7,6,24032.0,2.2734375,1338.55859375,392.6875,19932.26953125,21663.515625,22693.44140625,94.4300990606275,2368.484375,9.85554417027297,0.0,0.0,2213.0,3.0,2.0,95.0,0.0
8,7,24032.0,2.2734375,1337.8203125,392.6875,19932.296875,21662.8046875,22694.1796875,94.43317113640146,2369.1953125,9.858502465462717,0.0,0.0,1682.0,2.0,2.0,97.0,0.0
9,8,24032.0,2.2734375,1336.34375,392.6875,19932.328125,21661.359375,22695.65625,94.4393152879494,2370.640625,9.864516582057258,0.0,0.0,1979.0,2.0,2.0,96.0,0.0
10,9,24032.0,2.2734375,1342.24609375,392.6875,19932.34765625,21667.28125,22689.75390625,94.41475493612683,2364.71875,9.839874958388815,0.0,0.0,1783.0,2.0,2.0,96.0,0.0
11,10,24032.0,2.2734375,1340.28125,392.6875,19932.3828125,21665.3515625,22691.71875,94.42293088382158,2366.6484375,9.847904616760985,0.0,0.0,1926.0,2.0,1.0,97.0,0.0
12,11,24032.0,2.2734375,1340.59375,392.6875,19932.5546875,21665.8359375,22691.40625,94.42163053428762,2366.1640625,9.845889074983354,0.0,0.0,2841.0,3.0,3.0,94.0,0.0
13,12,24032.0,2.2734375,1340.375,392.6875,19932.57421875,21665.63671875,22691.625,94.42254077896138,2366.36328125,9.846718047811253,0.0,0.0,2258.0,2.0,2.0,96.0,0.0
14,13,24032.0,2.2734375,1345.25,392.6875,19932.5859375,21670.5234375,22686.75,94.40225532623168,2361.4765625,9.826383831974034,0.0,0.0,1812.0,2.0,2.0,96.0,0.0
15,14,24032.0,2.2734375,1344.07421875,392.6875,19932.62890625,21669.390625,22687.92578125,94.40714789135319,2362.609375,9.83109759903462,0.0,0.0,1812.0,2.0,2.0,96.0,0.0
16,15,24032.0,2.2734375,1345.38671875,392.6875,19932.66015625,21670.734375,22686.61328125,94.40168642331058,2361.265625,9.825506096038614,0.0,0.0,1785.0,2.0,2.0,97.0,0.0
17,16,24032.0,2.2734375,1345.66015625,392.6875,19932.69921875,21671.046875,22686.33984375,94.40054861746837,2360.953125,9.82420574650466,0.0,0.0,2619.0,3.0,3.0,93.0,0.0
18,17,24032.0,2.2734375,1348.4453125,392.6875,19932.73828125,21673.87109375,22683.5546875,94.388959252247,2358.12890625,9.812453837591544,0.0,0.0,5172.0,3.0,3.0,94.0,0.0
19,18,24032.0,2.2734375,1345.0625,392.6875,19932.75390625,21670.50390625,22686.9375,94.40303553595206,2361.49609375,9.826465103819906,0.0,0.0,2450.0,4.0,2.0,94.0,0.0
20,19,24032.0,2.2734375,1354.41015625,392.6875,19932.7734375,21679.87109375,22677.58984375,94.36413883051765,2352.12890625,9.787487126539613,0.0,0.0,3280.0,4.0,2.0,93.0,0.0
21,20,24032.0,2.2734375,1349.74609375,392.6875,19932.80078125,21675.234375,22682.25390625,94.38354654731191,2356.765625,9.806781062749668,0.0,0.0,4163.0,3.0,3.0,94.0,0.0
22,21,24032.0,2.2734375,1357.4921875,392.6875,19932.82421875,21683.00390625,22674.5078125,94.35131413323901,2348.99609375,9.774451122461718,0.0,0.0,2857.0,4.0,4.0,93.0,0.0
23,22,24032.0,2.2734375,1353.828125,392.6875,19932.85546875,21679.37109375,22678.171875,94.36656073152463,2352.62890625,9.78956768579394,0.0,0.0,4325.0,3.0,3.0,95.0,0.0
24,23,24032.0,2.2734375,1352.59765625,392.6875,19932.8828125,21678.16796875,22679.40234375,94.37168085781458,2353.83203125,9.794574031499668,0.0,0.0,1882.0,2.0,2.0,97.0,0.0
25,24,24032.0,2.2734375,1350.3828125,392.6875,19932.90234375,21675.97265625,22681.6171875,94.38089708513648,2356.02734375,9.8037089869757,0.0,0.0,1957.0,2.0,2.0,97.0,0.0
26,25,24032.0,2.2734375,1348.171875,392.6875,19932.921875,21673.78125,22683.828125,94.39009705808921,2358.21875,9.812827688082557,0.0,0.0,1943.0,2.0,2.0,96.0,0.0
27,26,24032.0,2.2734375,1349.28125,392.6875,19932.96484375,21674.93359375,22682.71875,94.38548081724367,2357.06640625,9.808032649176099,0.0,0.0,2927.0,4.0,3.0,93.0,0.0
28,27,24032.0,2.2734375,1342.89453125,392.6875,19932.98828125,21668.5703125,22689.10546875,94.41205671084387,2363.4296875,9.834511016561253,0.0,0.0,4006.0,3.0,3.0,95.0,0.0
29,28,24032.0,2.2734375,1348.84765625,392.6875,19933.01171875,21674.546875,22683.15234375,94.38728505222204,2357.453125,9.809641831724369,0.0,0.0,2177.0,2.0,2.0,95.0,0.0
30,29,24032.0,2.2734375,1351.5703125,392.6875,19933.01953125,21677.27734375,22680.4296875,94.37595575690746,2354.72265625,9.798280027671439,0.0,0.0,2163.0,2.0,2.0,96.0,0.0
31,30,24032.0,2.2734375,1351.08203125,392.6875,19933.0234375,21676.79296875,22680.91796875,94.37798755305427,2355.20703125,9.800295569449068,0.0,0.0,1658.0,2.0,1.0,97.0,0.0
32,31,24032.0,2.2734375,1349.90625,392.6875,19933.05859375,21675.65234375,22682.09375,94.38288011817576,2356.34765625,9.805041845248002,0.0,0.0,1908.0,2.0,2.0,96.0,0.0
33,32,24032.0,2.2734375,1346.71875,392.6875,19933.08984375,21672.49609375,22685.28125,94.39614368342211,2359.50390625,9.818175375540946,0.0,0.0,2973.0,4.0,4.0,92.0,0.0
34,33,24032.0,2.2734375,1346.44921875,392.6875,19933.109375,21672.24609375,22685.55078125,94.39726523489514,2359.75390625,9.81921565516811,0.0,0.0,1847.0,2.0,2.0,96.0,0.0
35,34,24032.0,2.2734375,1346.44921875,392.6875,19933.1328125,21672.26953125,22685.55078125,94.39726523489514,2359.73046875,9.819118128953063,0.0,0.0,1896.0,2.0,2.0,96.0,0.0
36,35,24032.0,2.2734375,1348.22265625,392.6875,19933.15625,21674.06640625,22683.77734375,94.38988575128995,2357.93359375,9.811641119132823,0.0,0.0,2068.0,2.0,2.0,96.0,0.0
37,36,24032.0,2.2734375,1345.515625,392.6875,19933.171875,21671.375,22686.484375,94.40115002912783,2360.625,9.822840379494007,0.0,0.0,1796.0,2.0,2.0,97.0,0.0
38,37,24032.0,2.2734375,1344.3125,392.6875,19933.203125,21670.203125,22687.6875,94.40615637483354,2361.796875,9.827716690246339,0.0,0.0,2618.0,3.0,3.0,94.0,0.0
39,38,24032.0,2.2734375,1347.3046875,392.6875,19933.20703125,21673.19921875,22684.6953125,94.39370552804593,2358.80078125,9.815249589089547,0.0,0.0,2351.0,3.0,2.0,95.0,0.0
40,39,24032.0,2.2734375,1346.56640625,392.6875,19933.24609375,21672.5,22685.43359375,94.3967776038199,2359.5,9.818159121171771,0.0,0.0,1797.0,2.0,2.0,96.0,0.0
41,40,24032.0,2.2734375,1345.3359375,392.6875,19933.28515625,21671.30859375,22686.6640625,94.40189773010985,2360.69140625,9.823116703769974,0.0,0.0,2102.0,4.0,2.0,94.0,0.0
42,41,24032.0,2.2734375,1344.84375,392.6875,19933.3046875,21670.8359375,22687.15625,94.40394578062583,2361.1640625,9.82508348244008,0.0,0.0,1887.0,2.0,2.0,96.0,0.0
43,42,24032.0,2.2734375,1345.29296875,392.6875,19933.33984375,21671.3203125,22686.70703125,94.40207652817078,2360.6796875,9.82306794066245,0.0,0.0,3080.0,4.0,4.0,91.0,0.0
44,43,24032.0,2.2734375,1360.66796875,392.6875,19933.3671875,21686.72265625,22671.33203125,94.3380993311002,2345.27734375,9.758976963007656,0.0,0.0,1835.0,2.0,1.0,97.0,0.0
45,44,24032.0,2.2734375,1356.7421875,392.6875,19933.390625,21682.8203125,22675.2578125,94.3544349721205,2349.1796875,9.775215077812916,0.0,0.0,2130.0,2.0,3.0,95.0,0.0
46,45,24032.0,2.2734375,1357.38671875,392.6875,19933.40625,21683.48046875,22674.61328125,94.35175300120673,2348.51953125,9.772468089422437,0.0,0.0,2185.0,6.0,2.0,92.0,0.0
47,46,24032.0,2.2734375,1355.421875,392.6875,19933.44140625,21681.55078125,22676.578125,94.35992894890146,2350.44921875,9.780497747794607,0.0,0.0,1870.0,2.0,1.0,97.0,0.0
48,47,24032.0,2.2734375,1355.53515625,392.6875,19933.47265625,21681.6953125,22676.46484375,94.35945757219541,2350.3046875,9.779896336135154,0.0,0.0,5516.0,4.0,4.0,92.0,0.0
49,48,24032.0,2.2734375,1353.8125,392.6875,19933.49609375,21679.99609375,22678.1875,94.36662574900133,2352.00390625,9.786966986726032,0.0,0.0,2406.0,3.0,2.0,95.0,0.0
50,49,24032.0,2.2734375,1361.37890625,392.6875,19933.51171875,21687.578125,22670.62109375,94.33514103591045,2344.421875,9.755417256158456,0.0,0.0,1716.0,2.0,2.0,97.0,0.0
51,50,24032.0,2.2734375,1355.3203125,392.6875,19933.5390625,21681.546875,22676.6796875,94.3603515625,2350.453125,9.780514002163782,0.0,0.0,6905.0,5.0,3.0,92.0,0.0
52,51,24032.0,2.2734375,1361.01171875,392.6875,19933.5703125,21687.26953125,22670.98828125,94.33666894661285,2344.73046875,9.756701351323235,0.0,0.0,2037.0,2.0,2.0,96.0,0.0
53,52,24032.0,2.2734375,1352.90234375,392.6875,19933.6015625,21679.19140625,22679.09765625,94.37041301701898,2352.80859375,9.790315386775966,0.0,0.0,4355.0,3.0,2.0,95.0,0.0
54,53,24032.0,2.2734375,1356.04296875,392.6875,19933.63671875,21682.3671875,22675.95703125,94.35734450420273,2349.6328125,9.77710058463715,0.0,0.0,2809.0,3.0,3.0,94.0,0.0
55,54,24032.0,2.2734375,1355.55078125,392.6875,19933.65234375,21681.890625,22676.44921875,94.35939255471871,2350.109375,9.77908361767643,0.0,0.0,2243.0,2.0,2.0,96.0,0.0
56,55,24032.0,2.2734375,1364.390625,392.6875,19933.69140625,21690.76953125,22667.609375,94.32260891727697,2341.23046875,9.742137436542944,0.0,0.0,2133.0,2.0,2.0,97.0,0.0
57,56,24032.0,2.2734375,1360.703125,392.6875,19933.70703125,21687.09765625,22671.296875,94.33795304177764,2344.90234375,9.75741654356691,0.0,0.0,2021.0,2.0,2.0,95.0,0.0
58,57,24032.0,2.2734375,1359.9453125,392.6875,19933.75,21686.3828125,22672.0546875,94.34110638939747,2345.6171875,9.760391093125833,0.0,0.0,4060.0,3.0,3.0,94.0,0.0
59,58,24032.0,2.2734375,1354.8046875,392.6875,19933.7734375,21681.265625,22677.1953125,94.36249713923102,2350.734375,9.781684316744341,0.0,0.0,3060.0,4.0,4.0,92.0,0.0
60,59,24032.0,2.2734375,1360.19140625,392.6875,19933.796875,21686.67578125,22671.80859375,94.34008236413948,2345.32421875,9.759172015437748,0.0,0.0,1949.0,2.0,2.0,96.0,0.0
61,60,24032.0,2.2734375,1357.7578125,392.6875,19933.8203125,21684.265625,22674.2421875,94.35020883613515,2347.734375,9.769200961218376,0.0,0.0,2175.0,2.0,2.0,96.0,0.0
62,61,24032.0,2.2734375,1357.01953125,392.6875,19933.84765625,21683.5546875,22674.98046875,94.35328091190912,2348.4453125,9.772159256408122,0.0,0.0,1880.0,2.0,2.0,97.0,0.0
63,62,24032.0,2.2734375,1354.06640625,392.6875,19933.86328125,21680.6171875,22677.93359375,94.365569215005,2351.3828125,9.784382542027297,0.0,0.0,2054.0,2.0,2.0,96.0,0.0
64,63,24032.0,2.2734375,1359.953125,392.6875,19933.8984375,21686.5390625,22672.046875,94.34107388065912,2345.4609375,9.759740918358855,0.0,0.0,2820.0,3.0,4.0,93.0,0.0
65,64,24032.0,2.2734375,1358.234375,392.6875,19933.921875,21684.84375,22673.765625,94.34822580309587,2347.15625,9.766795314580559,0.0,0.0,2280.0,3.0,2.0,95.0,0.0
66,65,24032.0,2.2734375,1362.1015625,392.6875,19933.9453125,21688.734375,22669.8984375,94.33213397761318,2343.265625,9.750605962882823,0.0,0.0,2075.0,2.0,2.0,96.0,0.0
67,66,24032.0,2.2734375,1358.44140625,392.6875,19933.96484375,21685.09375,22673.55859375,94.34736432152962,2346.90625,9.765755034953395,0.0,0.0,1851.0,2.0,2.0,96.0,0.0
68,67,24032.0,2.2734375,1352.29296875,392.6875,19933.99609375,21678.9765625,22679.70703125,94.37294869861019,2353.0234375,9.791209377080559,0.0,0.0,1847.0,2.0,1.0,97.0,0.0
69,68,24032.0,2.2734375,1348.77734375,392.6875,19934.01953125,21675.484375,22683.22265625,94.38757763086718,2356.515625,9.805740783122504,0.0,0.0,2932.0,4.0,4.0,92.0,0.0
70,69,24032.0,2.2734375,1352.85546875,392.6875,19934.04296875,21679.5859375,22679.14453125,94.37060806944906,2352.4140625,9.788673695489347,0.0,0.0,1908.0,2.0,2.0,96.0,0.0
71,70,24032.0,2.2734375,1351.44921875,392.6875,19934.05859375,21678.1953125,22680.55078125,94.37645964235186,2353.8046875,9.794460250915446,0.0,0.0,2215.0,2.0,3.0,95.0,0.0
72,71,24032.0,2.2734375,1346.28125,392.6875,19934.08203125,21673.05078125,22685.71875,94.39796417276965,2358.94921875,9.815867255118176,0.0,0.0,1912.0,2.0,2.0,96.0,0.0
73,72,24032.0,2.2734375,1348.4375,392.6875,19934.1015625,21675.2265625,22683.5625,94.38899176098535,2356.7734375,9.806813571488016,0.0,0.0,1871.0,2.0,2.0,96.0,0.0
74,73,24032.0,2.2734375,1347.453125,392.6875,19934.12890625,21674.26953125,22684.546875,94.39308786201731,2357.73046875,9.810795891935753,0.0,0.0,1882.0,2.0,1.0,97.0,0.0
75,74,24032.0,2.2734375,1341.83203125,392.6875,19934.27734375,21668.796875,22690.16796875,94.41647789925932,2363.203125,9.833568263149134,0.0,0.0,3035.0,7.0,4.0,89.0,0.0
76,75,24032.0,2.2734375,1350.49609375,392.6875,19934.3046875,21677.48828125,22681.50390625,94.38042570843042,2354.51171875,9.797402291736018,0.0,0.0,1892.0,2.0,2.0,96.0,0.0
77,76,24032.0,2.2734375,1348.3125,392.6875,19934.33203125,21675.33203125,22683.6875,94.38951190079894,2356.66796875,9.806374703520307,0.0,0.0,2037.0,2.0,2.0,95.0,0.0
78,77,24032.0,2.2734375,1354.91796875,392.6875,19934.34765625,21681.953125,22677.08203125,94.36202576252496,2350.046875,9.77882354776964,0.0,0.0,4875.0,3.0,3.0,94.0,0.0
79,78,24032.0,2.2734375,1354.25,392.6875,19934.359375,21681.296875,22677.75,94.36480525965379,2350.703125,9.781554281790946,0.0,0.0,1968.0,3.0,2.0,95.0,0.0
80,79,24032.0,2.2734375,1353.1328125,392.6875,19934.390625,21680.2109375,22678.8671875,94.36945400923769,2351.7890625,9.786072996421439,0.0,0.0,2903.0,4.0,4.0,92.0,0.0
81,80,24032.0,2.2734375,1351.9453125,392.6875,19934.4296875,21679.0625,22680.0546875,94.37439533746671,2352.9375,9.790851780958722,0.0,0.0,4693.0,4.0,3.0,93.0,0.0
82,81,24032.0,2.2734375,1354.22265625,392.6875,19934.45703125,21681.3671875,22677.77734375,94.36491904023802,2350.6328125,9.781261703145807,0.0,0.0,1880.0,2.0,2.0,96.0,0.0
83,82,24032.0,2.2734375,1348.3828125,392.6875,19934.4765625,21675.546875,22683.6171875,94.38921932215379,2356.453125,9.805480713215713,0.0,0.0,4158.0,3.0,3.0,94.0,0.0
84,83,24032.0,2.2734375,1352.73046875,392.6875,19934.51171875,21679.9296875,22679.26953125,94.37112820926265,2352.0703125,9.787243311001998,0.0,0.0,2024.0,2.0,2.0,95.0,0.0
85,84,24032.0,2.2734375,1349.7265625,392.6875,19934.53515625,21676.94921875,22682.2734375,94.3836278191578,2355.05078125,9.799645394682091,0.0,0.0,2690.0,4.0,3.0,93.0,0.0
86,85,24032.0,2.2734375,1345.7890625,392.6875,19934.55859375,21673.03515625,22686.2109375,94.40001222328563,2358.96484375,9.815932272594875,0.0,0.0,1971.0,2.0,2.0,96.0,0.0
87,86,24032.0,2.2734375,1345.05078125,392.6875,19934.60546875,21672.34375,22686.94921875,94.40308429905959,2359.65625,9.818809295938747,0.0,0.0,2164.0,2.0,2.0,96.0,0.0
88,87,24032.0,2.2734375,1339.44140625,392.6875,19934.62109375,21666.75,22692.55859375,94.42642557319407,2365.25,9.842085552596538,0.0,0.0,6142.0,4.0,3.0,90.0,3.0
89,88,24032.0,2.2734375,1350.46875,392.6875,19934.6640625,21677.8203125,22681.53125,94.38053948901465,2354.1796875,9.79602067035619,0.0,0.0,1891.0,2.0,2.0,96.0,1.0
90,89,24032.0,2.2734375,1350.5859375,392.6875,19934.6796875,21677.953125,22681.4140625,94.38005185793942,2354.046875,9.795468021804261,0.0,0.0,2783.0,3.0,3.0,93.0,0.0
91,90,24032.0,2.2734375,1350.09375,392.6875,19934.71484375,21677.49609375,22681.90625,94.3820999084554,2354.50390625,9.79736978299767,0.0,0.0,2248.0,2.0,2.0,96.0,0.0
92,91,24032.0,2.2734375,1349.6015625,392.6875,19934.734375,21677.0234375,22682.3984375,94.38414795897138,2354.9765625,9.799336561667776,0.0,0.0,1910.0,2.0,1.0,97.0,0.0
93,92,24032.0,2.2734375,1355.73828125,392.6875,19934.75390625,21683.1796875,22676.26171875,94.35861234499833,2348.8203125,9.773719675848868,0.0,0.0,2040.0,3.0,2.0,96.0,0.0
94,93,24032.0,2.2734375,1358.9453125,392.6875,19934.78125,21686.4140625,22673.0546875,94.34526750790613,2345.5859375,9.760261058172437,0.0,0.0,1932.0,2.0,2.0,96.0,0.0
95,94,24032.0,2.2734375,1358.234375,392.6875,19934.8046875,21685.7265625,22673.765625,94.34822580309587,2346.2734375,9.763121827147137,0.0,0.0,2025.0,2.0,2.0,97.0,0.0
96,95,24032.0,2.2734375,1357.25390625,392.6875,19934.8359375,21684.77734375,22674.74609375,94.35230564975865,2347.22265625,9.767071638856525,0.0,0.0,2852.0,3.0,3.0,94.0,0.0
97,96,24032.0,2.2734375,1353.8359375,392.6875,19934.85546875,21681.37890625,22678.1640625,94.36652822278629,2350.62109375,9.781212940038282,0.0,0.0,2285.0,3.0,3.0,95.0,0.0
98,97,24032.0,2.2734375,1351.8671875,392.6875,19934.88671875,21679.44140625,22680.1328125,94.3747204248502,2352.55859375,9.789275107148802,0.0,0.0,1804.0,2.0,1.0,97.0,0.0
99,98,24032.0,2.2734375,1349.16015625,392.6875,19934.90625,21676.75390625,22682.83984375,94.38598470268809,2355.24609375,9.800458113140813,0.0,0.0,2122.0,3.0,2.0,95.0,0.0
100,99,24032.0,2.2734375,1347.68359375,392.6875,19934.9296875,21675.30078125,22684.31640625,94.39212885423602,2356.69921875,9.806504738473702,0.0,0.0,1898.0,2.0,2.0,96.0,0.0
101,100,24032.0,2.2734375,1344.23046875,392.6875,19934.95703125,21671.875,22687.76953125,94.40649771658622,2360.125,9.82075982023968,0.0,0.0,2933.0,4.0,3.0,93.0,0.0
102,101,24032.0,2.2734375,1349.1484375,392.6875,19934.9921875,21676.828125,22682.8515625,94.3860334657956,2355.171875,9.800149280126497,0.0,0.0,1901.0,2.0,2.0,96.0,0.0
103,102,24032.0,2.2734375,1348.4140625,392.6875,19935.0078125,21676.109375,22683.5859375,94.3890892872004,2355.890625,9.803140084054593,0.0,0.0,2202.0,2.0,2.0,96.0,0.0
104,103,24032.0,2.2734375,1358.984375,392.6875,19935.03125,21686.703125,22673.015625,94.34510496421437,2345.296875,9.75905823485353,0.0,0.0,2129.0,6.0,2.0,92.0,0.0
105,104,24032.0,2.2734375,1356.046875,392.6875,19935.04296875,21683.77734375,22675.953125,94.35732824983354,2348.22265625,9.77123275736518,0.0,0.0,1888.0,2.0,2.0,96.0,0.0
106,105,24032.0,2.2734375,1359.046875,392.6875,19935.07421875,21686.80859375,22672.953125,94.34484489430758,2345.19140625,9.758619366885819,0.0,0.0,2858.0,3.0,4.0,93.0,0.0
107,106,24032.0,2.2734375,1356.61328125,392.69140625,19935.09375,21684.3984375,22675.38671875,94.35497136630326,2347.6015625,9.768648312666445,0.0,0.0,2120.0,2.0,2.0,95.0,0.0
108,107,24032.0,2.2734375,1350.9921875,392.69140625,19935.125,21678.80859375,22681.0078125,94.37836140354527,2353.19140625,9.79190831495506,0.0,0.0,3768.0,2.0,2.0,95.0,0.0
109,108,24032.0,2.2734375,1349.29296875,392.69140625,19935.15234375,21677.13671875,22682.70703125,94.38543205413616,2354.86328125,9.798865184961718,0.0,0.0,3176.0,3.0,2.0,95.0,0.0
110,109,24032.0,2.2734375,1353.87109375,392.69140625,19935.1796875,21681.7421875,22678.12890625,94.36638193346371,2350.2578125,9.77970128370506,0.0,0.0,1952.0,1.0,1.0,97.0,0.0
111,110,24032.0,2.2734375,1343.07421875,392.69140625,19935.2109375,21670.9765625,22688.92578125,94.41130900986185,2361.0234375,9.8244983251498,0.0,0.0,5075.0,5.0,5.0,90.0,0.0
112,111,24032.0,2.2734375,1342.6796875,392.69140625,19935.2421875,21670.61328125,22689.3203125,94.41295070114847,2361.38671875,9.826009981483022,0.0,0.0,1953.0,2.0,2.0,96.0,0.0
113,112,24032.0,2.2734375,1339.015625,392.69140625,19935.27734375,21666.984375,22692.984375,94.42819729943409,2365.015625,9.841110290446071,0.0,0.0,4252.0,3.0,3.0,95.0,0.0
114,113,24032.0,2.2734375,1344.921875,392.69140625,19935.3046875,21672.91796875,22687.078125,94.40362069324235,2359.08203125,9.816419903670107,0.0,0.0,2001.0,2.0,2.0,96.0,0.0
115,114,24032.0,2.2734375,1343.69140625,392.69140625,19935.33984375,21671.72265625,22688.30859375,94.40874081953228,2360.27734375,9.821393740637484,0.0,0.0,2030.0,2.0,2.0,96.0,0.0
116,115,24032.0,2.2734375,1343.4453125,392.69140625,19935.37890625,21671.515625,22688.5546875,94.40976484479027,2360.484375,9.822255222203728,0.0,0.0,1960.0,2.0,2.0,96.0,0.0
117,116,24032.0,2.2734375,1352.3984375,392.69140625,19935.421875,21680.51171875,22679.6015625,94.37250983064249,2351.48828125,9.784821409995006,0.0,0.0,2688.0,4.0,4.0,93.0,0.0
118,117,24032.0,2.2734375,1357.66015625,392.69140625,19935.44921875,21685.80078125,22674.33984375,94.35061519536451,2346.19921875,9.762812994132823,0.0,0.0,3449.0,3.0,2.0,95.0,0.0
119,118,24032.0,2.2734375,1361.3359375,392.69140625,19935.5,21689.52734375,22670.6640625,94.33531983397138,2342.47265625,9.747306325940412,0.0,0.0,2673.0,3.0,3.0,94.0,0.0
120,119,24032.0,2.2734375,1369.09375,392.69140625,19935.51953125,21697.3046875,22662.90625,94.30303865679095,2334.6953125,9.714943876914115,0.0,0.0,1531.0,2.0,2.0,96.0,0.0
121,120,24032.0,2.2734375,1365.953125,392.69140625,19935.55078125,21694.1953125,22666.046875,94.31610716960719,2337.8046875,9.727882354776964,0.0,0.0,1422.0,2.0,2.0,96.0,0.0
122,121,24032.0,2.2734375,1359.07421875,392.69140625,19935.58203125,21687.34765625,22672.92578125,94.34473111372337,2344.65234375,9.756376263939746,0.0,0.0,2154.0,3.0,3.0,93.0,0.0
123,122,24032.0,2.2734375,1356.39453125,392.6953125,19935.62109375,21684.7109375,22675.60546875,94.35588161097704,2347.2890625,9.76734796313249,0.0,0.0,2210.0,3.0,2.0,95.0,0.0
124,123,24032.0,2.2734375,1360.37890625,392.6953125,19935.65234375,21688.7265625,22671.62109375,94.3393021544191,2343.2734375,9.750638471621171,0.0,0.0,1868.0,2.0,2.0,96.0,0.0
125,124,24032.0,2.2734375,1358.90625,392.6953125,19935.67578125,21687.27734375,22673.09375,94.34543005159787,2344.72265625,9.756668842584887,0.0,0.0,1917.0,2.0,2.0,97.0,0.0
126,125,24032.0,2.2734375,1356.96484375,392.6953125,19935.703125,21685.36328125,22675.03515625,94.35350847307757,2346.63671875,9.76463348348036,0.0,0.0,1993.0,2.0,2.0,97.0,0.0
127,126,24032.0,2.2734375,1352.79296875,392.6953125,19935.75390625,21681.2421875,22679.20703125,94.37086813935586,2350.7578125,9.781781842959388,0.0,0.0,4597.0,5.0,5.0,90.0,0.0
128,127,24032.0,2.2734375,1353.8046875,392.6953125,19935.79296875,21682.29296875,22678.1953125,94.36665825773967,2349.70703125,9.777409417651464,0.0,0.0,2059.0,2.0,2.0,95.0,0.0
129,128,24032.0,2.2734375,1351.1015625,392.6953125,19935.8125,21679.609375,22680.8984375,94.3779062812084,2352.390625,9.7885761692743,0.0,0.0,2343.0,2.0,2.0,96.0,0.0
130,129,24032.0,2.2734375,1350.36328125,392.6953125,19935.83984375,21678.8984375,22681.63671875,94.38097835698235,2353.1015625,9.791534464464048,0.0,0.0,1807.0,1.0,2.0,97.0,0.0
131,130,24032.0,2.2734375,1351.44140625,392.6953125,19935.8515625,21679.98828125,22680.55859375,94.3764921510902,2352.01171875,9.78699949546438,0.0,0.0,1978.0,2.0,1.0,97.0,0.0
132,131,24032.0,2.2734375,1345.4921875,392.6953125,19935.90234375,21674.08984375,22686.5078125,94.40124755534288,2357.91015625,9.811543592917776,0.0,0.0,3199.0,7.0,4.0,88.0,0.0
133,132,24032.0,2.2734375,1345.4921875,392.6953125,19935.91015625,21674.09765625,22686.5078125,94.40124755534288,2357.90234375,9.811511084179427,0.0,0.0,2139.0,3.0,2.0,95.0,0.0
134,133,24032.0,2.2734375,1349.546875,392.6953125,19935.9296875,21678.171875,22682.453125,94.38437552013981,2353.828125,9.794557777130493,0.0,0.0,1703.0,2.0,2.0,96.0,0.0
135,134,24032.0,2.2734375,1348.82421875,392.6953125,19935.95703125,21677.4765625,22683.17578125,94.38738257843708,2354.5234375,9.797451054843542,0.0,0.0,1828.0,2.0,2.0,97.0,0.0
136,135,24032.0,2.2734375,1347.1015625,392.6953125,19935.9765625,21675.7734375,22684.8984375,94.39455075524302,2356.2265625,9.804537959803596,0.0,0.0,1925.0,2.0,2.0,96.0,0.0
137,136,24032.0,2.2734375,1351.9453125,392.6953125,19936.0078125,21680.6484375,22680.0546875,94.37439533746671,2351.3515625,9.784252507073901,0.0,0.0,1960.0,2.0,2.0,96.0,0.0
138,137,24032.0,2.2734375,1361.2734375,392.6953125,19936.02734375,21689.99609375,22670.7265625,94.33557990387817,2342.00390625,9.745355801639482,0.0,0.0,2650.0,3.0,3.0,93.0,0.0
139,138,24032.0,2.2734375,1352.98828125,392.6953125,19936.05859375,21681.7421875,22679.01171875,94.37005542089713,2350.2578125,9.77970128370506,0.0,0.0,5728.0,4.0,4.0,92.0,0.0
140,139,24032.0,2.2734375,1359.95703125,392.6953125,19936.06640625,21688.71875,22672.04296875,94.34105762628995,2343.28125,9.75067098035952,0.0,0.0,1969.0,2.0,2.0,96.0,0.0
141,140,24032.0,2.2734375,1350.890625,392.6953125,19936.11328125,21679.69921875,22681.109375,94.37878401714381,2352.30078125,9.788202318783288,0.0,0.0,4478.0,4.0,3.0,94.0,0.0
142,141,24032.0,2.2734375,1350.890625,392.6953125,19936.125,21679.7109375,22681.109375,94.37878401714381,2352.2890625,9.788153555675766,0.0,0.0,2059.0,2.0,2.0,96.0,0.0
143,142,24032.0,2.2734375,1348.0546875,392.6953125,19936.28515625,21677.03515625,22683.9453125,94.39058468916444,2354.96484375,9.799287798560254,0.0,0.0,5318.0,6.0,5.0,89.0,0.0
144,143,24032.0,2.2734375,1347.80859375,392.6953125,19936.3046875,21676.80859375,22684.19140625,94.39160871442243,2355.19140625,9.800230551972371,0.0,0.0,1825.0,2.0,1.0,97.0,0.0
145,144,24032.0,2.2734375,1345.84375,392.6953125,19936.328125,21674.8671875,22686.15625,94.39978466211718,2357.1328125,9.808308973452064,0.0,0.0,2756.0,3.0,3.0,95.0,0.0
146,145,24032.0,2.2734375,1348.8359375,392.6953125,19936.3515625,21677.8828125,22683.1640625,94.38733381532957,2354.1171875,9.7957606004494,0.0,0.0,1924.0,2.0,2.0,96.0,0.0
147,146,24032.0,2.2734375,1346.8984375,392.6953125,19936.37890625,21675.97265625,22685.1015625,94.39539598244008,2356.02734375,9.8037089869757,0.0,0.0,1818.0,2.0,2.0,97.0,0.0
148,147,24032.0,2.2734375,1350.53125,392.6953125,19936.4140625,21679.640625,22681.46875,94.38027941910786,2352.359375,9.788446134320905,0.0,0.0,4931.0,5.0,4.0,91.0,0.0
149,148,24032.0,2.2734375,1346.59765625,392.6953125,19936.44140625,21675.734375,22685.40234375,94.39664756886651,2356.265625,9.80470050349534,0.0,0.0,2020.0,2.0,2.0,96.0,0.0
150,149,24032.0,2.2734375,1346.3515625,392.6953125,19936.47265625,21675.51953125,22685.6484375,94.3976715941245,2356.48046875,9.805594493799934,0.0,0.0,1787.0,2.0,1.0,97.0,0.0
151,150,24032.0,2.2734375,1343.42578125,392.6953125,19936.5078125,21672.62890625,22688.57421875,94.40984611663616,2359.37109375,9.817622726989015,0.0,0.0,1960.0,2.0,2.0,97.0,0.0
152,151,24032.0,2.2734375,1345.51171875,392.6953125,19936.5390625,21674.74609375,22686.48828125,94.401166283497,2357.25390625,9.80881285889647,0.0,0.0,1893.0,2.0,2.0,96.0,0.0
153,152,24032.0,2.2734375,1341.8203125,392.6953125,19936.58984375,21671.10546875,22690.1796875,94.41652666236683,2360.89453125,9.823961930967045,0.0,0.0,3041.0,4.0,4.0,92.0,0.0
154,153,24032.0,2.2734375,1350.09765625,392.6953125,19936.6171875,21679.41015625,22681.90234375,94.38208365408622,2352.58984375,9.789405142102197,0.0,0.0,1901.0,2.0,2.0,96.0,0.0
155,154,24032.0,2.2734375,1345.80859375,392.6953125,19936.64453125,21675.1484375,22686.19140625,94.39993095143974,2356.8515625,9.807138658871505,0.0,0.0,3392.0,4.0,3.0,94.0,0.0
156,155,24032.0,2.2734375,1356.91796875,392.6953125,19936.65625,21686.26953125,22675.08203125,94.35370352550765,2345.73046875,9.76086246983189,0.0,0.0,1951.0,2.0,2.0,96.0,0.0
157,156,24032.0,2.2734375,1351.04296875,392.6953125,19936.69140625,21680.4296875,22680.95703125,94.37815009674601,2351.5703125,9.78516275174767,0.0,0.0,2061.0,6.0,2.0,92.0,0.0
158,157,24032.0,2.2734375,1356.94921875,392.6953125,19936.703125,21686.34765625,22675.05078125,94.35357349055427,2345.65234375,9.760537382448401,0.0,0.0,1783.0,2.0,1.0,96.0,0.0
159,158,24032.0,2.2734375,1359.41796875,392.6953125,19936.7421875,21688.85546875,22672.58203125,94.34330072923602,2343.14453125,9.750102077438415,0.0,0.0,2901.0,3.0,3.0,94.0,0.0
160,159,24032.0,2.2734375,1358.98046875,392.6953125,19936.76953125,21688.4453125,22673.01953125,94.34512121858354,2343.5546875,9.75180878620173,0.0,0.0,1980.0,2.0,2.0,96.0,0.0
161,160,24032.0,2.2734375,1357.97265625,392.6953125,19936.82421875,21687.4921875,22674.02734375,94.34931484583056,2344.5078125,9.755774852280293,0.0,0.0,1828.0,2.0,2.0,96.0,0.0
162,161,24032.0,2.2734375,1356.0703125,392.6953125,19936.84375,21685.609375,22675.9296875,94.35723072361851,2346.390625,9.763609458222371,0.0,0.0,1884.0,2.0,2.0,96.0,0.0
163,162,24032.0,2.2734375,1362.7578125,392.6953125,19936.8515625,21692.3046875,22669.2421875,94.32940324359188,2339.6953125,9.73574946945739,0.0,0.0,1891.0,2.0,2.0,96.0,0.0
164,163,24032.0,2.2734375,1357.40625,392.6953125,19936.890625,21686.9921875,22674.59375,94.35167172936086,2345.0078125,9.75785541153462,0.0,0.0,2814.0,3.0,3.0,94.0,0.0
165,164,24032.0,2.2734375,1356.203125,392.6953125,19936.91015625,21685.80859375,22675.796875,94.35667807506658,2346.19140625,9.762780485394474,0.0,0.0,2135.0,3.0,2.0,95.0,0.0
166,165,24032.0,2.2734375,1355.96875,392.6953125,19936.9375,21685.6015625,22676.03125,94.35765333721704,2346.3984375,9.76364196696072,0.0,0.0,1954.0,2.0,2.0,97.0,0.0
167,166,24032.0,2.2734375,1354.2734375,392.6953125,19936.953125,21683.921875,22677.7265625,94.36470773343875,2348.078125,9.770631345705725,0.0,0.0,1915.0,2.0,2.0,96.0,0.0
168,167,24032.0,2.2734375,1352.3046875,392.6953125,19936.98046875,21681.98046875,22679.6953125,94.37289993550266,2350.01953125,9.77870976718542,0.0,0.0,1883.0,2.0,2.0,97.0,0.0
169,168,24032.0,2.2734375,1342.23046875,392.6953125,19937.01171875,21671.9375,22689.76953125,94.41481995360353,2360.0625,9.820499750332889,0.0,0.0,5686.0,5.0,4.0,91.0,0.0
170,169,24032.0,2.2734375,1342.23046875,392.6953125,19937.046875,21671.97265625,22689.76953125,94.41481995360353,2360.02734375,9.82035346101032,0.0,0.0,1996.0,2.0,2.0,96.0,0.0
171,170,24032.0,2.2734375,1339.5625,392.6953125,19937.07421875,21669.33203125,22692.4375,94.42592168774966,2362.66796875,9.831341414572236,0.0,0.0,4360.0,3.0,3.0,94.0,0.0
172,171,24032.0,2.2734375,1343.94140625,392.6953125,19937.08203125,21673.71875,22688.05859375,94.40770053990512,2358.28125,9.813087757989347,0.0,0.0,1855.0,2.0,2.0,96.0,0.0
173,172,24032.0,2.2734375,1340.5,392.6953125,19937.11328125,21670.30859375,22691.5,94.4220206391478,2361.69140625,9.827277822278628,0.0,0.0,4049.0,3.0,3.0,94.0,0.0
174,173,24032.0,2.2734375,1349.75390625,392.6953125,19937.14453125,21679.59375,22682.24609375,94.38351403857357,2352.40625,9.788641186750999,0.0,0.0,2706.0,3.0,4.0,93.0,0.0
175,174,24032.0,2.2734375,1348.09375,392.703125,19937.17578125,21677.97265625,22683.90625,94.39042214547271,2354.02734375,9.79538674995839,0.0,0.0,2198.0,3.0,2.0,95.0,0.0
176,175,24032.0,2.2734375,1354.02734375,392.703125,19937.18359375,21683.9140625,22677.97265625,94.36573175869674,2348.0859375,9.770663854444074,0.0,0.0,1921.0,2.0,1.0,97.0,0.0
177,176,24032.0,2.2734375,1352.578125,392.703125,19937.2109375,21682.4921875,22679.421875,94.37176212966045,2349.5078125,9.77658044482357,0.0,0.0,1861.0,3.0,2.0,96.0,0.0
178,177,24032.0,2.2734375,1345.44140625,392.703125,19937.2421875,21675.38671875,22686.55859375,94.40145886214214,2356.61328125,9.806147142351865,0.0,0.0,3929.0,3.0,2.0,95.0,0.0
179,178,24032.0,2.2734375,1344.703125,392.703125,19937.2578125,21674.6640625,22687.296875,94.4045309379161,2357.3359375,9.809154200649134,0.0,0.0,2213.0,3.0,2.0,95.0,0.0
180,179,24032.0,2.2734375,1349.0,392.703125,19937.265625,21678.96875,22683.0,94.38665113182424,2353.03125,9.791241885818907,0.0,0.0,2802.0,3.0,3.0,93.0,0.0
181,180,24032.0,2.2734375,1347.03125,392.703125,19937.31640625,21677.05078125,22684.96875,94.39484333388815,2354.94921875,9.799222781083555,0.0,0.0,2093.0,2.0,2.0,95.0,0.0
182,181,24032.0,2.2734375,1352.31640625,392.703125,19937.33984375,21682.359375,22679.68359375,94.37285117239514,2349.640625,9.777133093375499,0.0,0.0,1786.0,2.0,2.0,97.0,0.0
183,182,24032.0,2.2734375,1349.39453125,392.703125,19937.390625,21679.48828125,22682.60546875,94.38500944053762,2352.51171875,9.789080054718708,0.0,0.0,2052.0,3.0,2.0,95.0,0.0
184,183,24032.0,2.2734375,1346.51171875,392.7109375,19937.41796875,21676.640625,22685.48828125,94.39700516498834,2355.359375,9.80092948984687,0.0,0.0,2044.0,4.0,2.0,93.0,0.0
185,184,24032.0,2.2734375,1342.7734375,392.7109375,19937.44140625,21672.92578125,22689.2265625,94.41256059628829,2359.07421875,9.816387394931759,0.0,0.0,2855.0,4.0,4.0,92.0,0.0
186,185,24032.0,2.2734375,1347.51953125,392.7109375,19937.4609375,21677.69140625,22684.48046875,94.39281153774135,2354.30859375,9.796557064538948,0.0,0.0,2118.0,2.0,2.0,96.0,0.0
187,186,24032.0,2.2734375,1346.5390625,392.7109375,19937.48828125,21676.73828125,22685.4609375,94.39689138440413,2355.26171875,9.80052313061751,0.0,0.0,1931.0,2.0,2.0,97.0,0.0
188,187,24032.0,2.2734375,1346.3203125,392.7109375,19937.515625,21676.546875,22685.6796875,94.39780162907789,2355.453125,9.801319594707056,0.0,0.0,1562.0,2.0,2.0,97.0,0.0
189,188,24032.0,2.2734375,1346.3203125,392.7109375,19937.546875,21676.578125,22685.6796875,94.39780162907789,2355.421875,9.801189559753661,0.0,0.0,2147.0,2.0,2.0,96.0,0.0
190,189,24032.0,2.2734375,1348.6015625,392.7109375,19937.59375,21678.90625,22683.3984375,94.38830907748003,2353.09375,9.7915019557257,0.0,0.0,2777.0,3.0,4.0,93.0,0.0
191,190,24032.0,2.2734375,1346.140625,392.7109375,19937.62109375,21676.47265625,22685.859375,94.39854933005992,2355.52734375,9.801628427721372,0.0,0.0,2251.0,3.0,2.0,95.0,0.0
192,191,24032.0,2.2734375,1350.64453125,392.7109375,19937.63671875,21680.9921875,22681.35546875,94.3798080424018,2351.0078125,9.782822122586552,0.0,0.0,1926.0,2.0,2.0,97.0,0.0
193,192,24032.0,2.2734375,1348.0234375,392.7109375,19937.6640625,21678.3984375,22683.9765625,94.39071472411784,2353.6015625,9.793615023718376,0.0,0.0,1960.0,2.0,2.0,96.0,0.0
194,193,24032.0,2.2734375,1354.12890625,392.71875,19937.67578125,21684.5234375,22677.87109375,94.3653091450982,2347.4765625,9.768128172852863,0.0,0.0,1752.0,2.0,2.0,97.0,0.0
195,194,24032.0,2.2734375,1343.34765625,392.71875,19937.75390625,21673.8203125,22688.65234375,94.41017120401965,2358.1796875,9.812665144390813,0.0,0.0,7740.0,5.0,5.0,90.0,0.0
196,195,24032.0,2.2734375,1358.58203125,392.71875,19937.78515625,21689.0859375,22673.41796875,94.34677916423935,2342.9140625,9.749143069657123,0.0,0.0,1882.0,2.0,2.0,96.0,0.0
197,196,24032.0,2.2734375,1353.6953125,392.71875,19937.80859375,21684.22265625,22678.3046875,94.36711338007656,2347.77734375,9.769379759279294,0.0,0.0,1973.0,2.0,2.0,96.0,0.0
198,197,24032.0,2.2734375,1358.0703125,392.71875,19937.83203125,21688.62109375,22673.9296875,94.3489084866012,2343.37890625,9.751077339588882,0.0,0.0,1824.0,2.0,2.0,96.0,0.0
199,198,24032.0,2.2734375,1344.07421875,392.71875,19937.859375,21674.65234375,22687.92578125,94.40714789135319,2357.34765625,9.809202963756658,0.0,0.0,4560.0,3.0,3.0,94.0,0.0
200,199,24032.0,2.2734375,1350.14453125,392.71875,19937.875,21680.73828125,22681.85546875,94.38188860165613,2351.26171875,9.783878656582889,0.0,0.0,1936.0,2.0,2.0,96.0,0.0
201,200,24032.0,2.2734375,1345.97265625,392.71875,19937.91015625,21676.6015625,22686.02734375,94.39924826793442,2355.3984375,9.801092033538614,0.0,0.0,5455.0,5.0,4.0,91.0,0.0
202,201,24032.0,2.2734375,1339.140625,392.71875,19937.921875,21669.78125,22692.859375,94.4276771596205,2362.21875,9.829472162117177,0.0,0.0,2050.0,3.0,2.0,96.0,0.0
203,202,24032.0,2.2734375,1336.70703125,392.71875,19937.95703125,21667.3828125,22695.29296875,94.43780363161618,2364.6171875,9.83945234479028,0.0,0.0,3718.0,3.0,2.0,95.0,0.0
204,203,24032.0,2.2734375,1340.875,392.71875,19937.98046875,21671.57421875,22691.125,94.42046021970705,2360.42578125,9.822011406666112,0.0,0.0,1791.0,2.0,2.0,96.0,0.0
205,204,24032.0,2.2734375,1340.140625,392.71875,19938.0,21670.859375,22691.859375,94.42351604111185,2361.140625,9.824985956225033,0.0,0.0,1846.0,2.0,2.0,97.0,0.0
206,205,24032.0,2.2734375,1340.78515625,392.71875,19938.1640625,21671.66796875,22691.21484375,94.42083407019807,2360.33203125,9.821621301805926,0.0,0.0,3028.0,3.0,4.0,93.0,0.0
207,206,24032.0,2.2734375,1335.62109375,392.71875,19938.1796875,21666.51953125,22696.37890625,94.44232234624667,2365.48046875,9.84304456037783,0.0,0.0,2164.0,3.0,2.0,95.0,0.0
208,207,24032.0,2.2734375,1339.01953125,392.71875,19938.21875,21669.95703125,22692.98046875,94.42818104506492,2362.04296875,9.828740715504328,0.0,0.0,3878.0,3.0,2.0,95.0,0.0
209,208,24032.0,2.2734375,1338.4140625,392.71875,19938.2265625,21669.359375,22693.5859375,94.43070047228696,2362.640625,9.831227633988016,0.0,0.0,1982.0,5.0,2.0,92.0,0.0
210,209,24032.0,2.2734375,1337.921875,392.71875,19938.2578125,21668.8984375,22694.078125,94.43274852280294,2363.1015625,9.8331456495506,0.0,0.0,1774.0,2.0,2.0,96.0,0.0
211,210,24032.0,2.2734375,1334.734375,392.71875,19938.28125,21665.734375,22697.265625,94.44601208804927,2366.265625,9.84631168858189,0.0,0.0,3149.0,4.0,4.0,92.0,0.0
212,211,24032.0,2.2734375,1335.3203125,392.71875,19938.3125,21666.3515625,22696.6796875,94.4435739326731,2365.6484375,9.84374349825233,0.0,0.0,1695.0,2.0,2.0,96.0,0.0
213,212,24032.0,2.2734375,1334.58203125,392.71875,19938.3203125,21665.62109375,22697.41796875,94.44664600844706,2366.37890625,9.84678306528795,0.0,0.0,1832.0,2.0,2.0,96.0,0.0
214,213,24032.0,2.2734375,1342.47265625,392.71875,19938.359375,21673.55078125,22689.52734375,94.41381218271472,2358.44921875,9.813786695863849,0.0,0.0,1850.0,2.0,2.0,96.0,0.0
215,214,24032.0,2.2734375,1341.26171875,392.71875,19938.39453125,21672.375,22690.73828125,94.41885103715879,2359.625,9.818679260985352,0.0,0.0,1852.0,2.0,1.0,97.0,0.0
216,215,24032.0,2.2734375,1339.86328125,392.71875,19938.421875,21671.00390625,22692.13671875,94.42467010132324,2360.99609375,9.824384544565579,0.0,0.0,2900.0,3.0,4.0,93.0,0.0
217,216,24032.0,2.2734375,1339.3984375,392.71875,19938.4609375,21670.578125,22692.6015625,94.426604371255,2361.421875,9.826156270805592,0.0,0.0,1971.0,2.0,2.0,96.0,0.0
218,217,24032.0,2.2734375,1339.3984375,392.71875,19938.46875,21670.5859375,22692.6015625,94.426604371255,2361.4140625,9.826123762067244,0.0,0.0,1659.0,2.0,2.0,96.0,0.0
219,218,24032.0,2.2734375,1337.67578125,392.71875,19938.5,21668.89453125,22694.32421875,94.43377254806093,2363.10546875,9.833161903919773,0.0,0.0,1927.0,2.0,2.0,96.0,0.0
220,219,24032.0,2.2734375,1336.4453125,392.71875,19938.51953125,21667.68359375,22695.5546875,94.43889267435085,2364.31640625,9.838200758363849,0.0,0.0,2088.0,2.0,3.0,95.0,0.0
221,220,24032.0,2.2734375,1336.4453125,392.71875,19938.55078125,21667.71484375,22695.5546875,94.43889267435085,2364.28515625,9.838070723410453,0.0,0.0,2075.0,2.0,2.0,96.0,0.0
222,221,24032.0,2.2734375,1338.0703125,392.71875,19938.5703125,21669.359375,22693.9296875,94.4321308567743,2362.640625,9.831227633988016,0.0,0.0,2792.0,3.0,3.0,94.0,0.0
223,222,24032.0,2.2734375,1337.8515625,392.71875,19938.58984375,21669.16015625,22694.1484375,94.43304110144807,2362.83984375,9.832056606815911,0.0,0.0,2272.0,2.0,2.0,96.0,0.0
224,223,24032.0,2.2734375,1344.0,392.71875,19938.609375,21675.328125,22688.0,94.4074567243675,2356.671875,9.806390957889482,0.0,0.0,1974.0,2.0,2.0,96.0,0.0
225,224,24032.0,2.2734375,1341.296875,392.71875,19938.66796875,21672.68359375,22690.703125,94.41870474783622,2359.31640625,9.817395165820573,0.0,0.0,1956.0,2.0,3.0,95.0,0.0
226,225,24032.0,2.2734375,1347.69921875,392.71875,19938.67578125,21679.09375,22684.30078125,94.39206383675932,2352.90625,9.790721746005326,0.0,0.0,1721.0,2.0,1.0,97.0,0.0
227,226,24032.0,2.2734375,1343.03515625,392.71875,19938.73828125,21674.4921875,22688.96484375,94.4114715535536,2357.5078125,9.80986939289281,0.0,0.0,3218.0,4.0,4.0,92.0,0.0
228,227,24032.0,2.2734375,1353.81640625,392.71875,19938.75,21685.28515625,22678.18359375,94.36660949463216,2346.71484375,9.764958570863849,0.0,0.0,1838.0,2.0,2.0,96.0,0.0
229,228,24032.0,2.2734375,1345.3125,392.71875,19938.80078125,21676.83203125,22686.6875,94.4019952563249,2355.16796875,9.800133025757324,0.0,0.0,5224.0,3.0,3.0,94.0,0.0
230,229,24032.0,2.2734375,1343.59375,392.72265625,19938.8125,21675.12890625,22688.40625,94.40914717876166,2356.87109375,9.807219930717377,0.0,0.0,1775.0,1.0,2.0,97.0,0.0
231,230,24032.0,2.2734375,1340.23046875,392.72265625,19938.85546875,21671.80859375,22691.76953125,94.42314219062084,2360.19140625,9.821036144515647,0.0,0.0,4299.0,6.0,3.0,91.0,0.0
232,231,24032.0,2.2734375,1335.078125,392.72265625,19938.87109375,21666.671875,22696.921875,94.44458170356191,2365.328125,9.842410639980026,0.0,0.0,2933.0,4.0,3.0,92.0,0.0
233,232,24032.0,2.2734375,1338.52734375,392.72265625,19938.9140625,21670.1640625,22693.47265625,94.4302290955809,2361.8359375,9.827879233938082,0.0,0.0,4076.0,3.0,2.0,95.0,0.0
234,233,24032.0,2.2734375,1338.28125,392.72265625,19938.92578125,21669.9296875,22693.71875,94.43125312083887,2362.0703125,9.82885449608855,0.0,0.0,2195.0,2.0,2.0,96.0,0.0
235,234,24032.0,2.2734375,1336.55859375,392.7265625,19938.94921875,21668.234375,22695.44140625,94.43842129764481,2363.765625,9.835908892310254,0.0,0.0,2012.0,2.0,2.0,97.0,0.0
236,235,24032.0,2.2734375,1335.6015625,392.7265625,19938.9609375,21667.2890625,22696.3984375,94.44240361809254,2364.7109375,9.839842449650465,0.0,0.0,1931.0,2.0,2.0,97.0,0.0
237,236,24032.0,2.2734375,1333.6328125,392.7265625,19939.015625,21665.375,22698.3671875,94.45059582015645,2366.625,9.847807090545938,0.0,0.0,2621.0,5.0,4.0,91.0,0.0
238,237,24032.0,2.2734375,1330.6953125,392.7265625,19939.0390625,21662.4609375,22701.3046875,94.46281910577564,2369.5390625,9.859932849950066,0.0,0.0,3342.0,2.0,3.0,95.0,0.0
239,238,24032.0,2.2734375,1327.87109375,392.7265625,19939.08203125,21659.6796875,22704.12890625,94.47457101468875,2372.3203125,9.871505960802264,0.0,0.0,1878.0,3.0,2.0,95.0,0.0
240,239,24032.0,2.2734375,1333.16796875,392.7265625,19939.08984375,21664.984375,22698.83203125,94.45253009008822,2367.015625,9.849432527463382,0.0,0.0,1558.0,2.0,2.0,96.0,0.0
241,240,24032.0,2.2734375,1332.39453125,392.7265625,19939.125,21664.24609375,22699.60546875,94.45574845518475,2367.75390625,9.85250460323735,0.0,0.0,2088.0,3.0,2.0,95.0,0.0
242,241,24032.0,2.2734375,1334.1796875,392.7265625,19939.140625,21666.046875,22697.8203125,94.44832020847204,2365.953125,9.845011339047936,0.0,0.0,2552.0,3.0,2.0,95.0,0.0
243,242,24032.0,2.2734375,1331.7578125,392.7265625,19939.17578125,21663.66015625,22700.2421875,94.45839791736019,2368.33984375,9.854942758613515,0.0,0.0,2852.0,4.0,4.0,92.0,0.0
244,243,24032.0,2.2734375,1335.0859375,392.7265625,19939.1875,21667.0,22696.9140625,94.44454919482357,2365.0,9.841045272969374,0.0,0.0,1679.0,2.0,2.0,97.0,0.0
245,244,24032.0,2.2734375,1339.94921875,392.7265625,19939.21875,21671.89453125,22692.05078125,94.4243125052014,2360.10546875,9.82067854839381,0.0,0.0,1938.0,2.0,2.0,95.0,0.0
246,245,24032.0,2.2734375,1347.33203125,392.7265625,19939.23046875,21679.2890625,22684.66796875,94.39359174746171,2352.7109375,9.789909027546605,0.0,0.0,2079.0,2.0,2.0,97.0,0.0
247,246,24032.0,2.2734375,1346.59765625,392.7265625,19939.26953125,21678.59375,22685.40234375,94.39664756886651,2353.40625,9.792802305259654,0.0,0.0,1735.0,2.0,2.0,97.0,0.0
248,247,24032.0,2.2734375,1343.66015625,392.7265625,19939.31640625,21675.703125,22688.33984375,94.40887085448568,2356.296875,9.804830538448735,0.0,0.0,2814.0,3.0,3.0,94.0,0.0
249,248,24032.0,2.2734375,1343.66015625,392.7265625,19939.3828125,21675.76953125,22688.33984375,94.40887085448568,2356.23046875,9.80455421417277,0.0,0.0,2194.0,2.0,2.0,96.0,0.0
250,249,24032.0,2.2734375,1343.66015625,392.7265625,19939.3984375,21675.78515625,22688.33984375,94.40887085448568,2356.21484375,9.804489196696071,0.0,0.0,1839.0,2.0,2.0,97.0,0.0
251,250,24032.0,2.2734375,1341.71875,392.7265625,19939.4296875,21673.875,22690.28125,94.41694927596538,2358.125,9.812437583222371,0.0,0.0,1979.0,2.0,2.0,96.0,0.0
252,251,24032.0,2.2734375,1343.92578125,392.7265625,19939.44140625,21676.09375,22688.07421875,94.40776555738182,2355.90625,9.803205101531292,0.0,0.0,1760.0,2.0,1.0,97.0,0.0
253,252,24032.0,2.2734375,1341.0546875,392.7265625,19939.48046875,21673.26171875,22690.9453125,94.41971251872504,2358.73828125,9.814989519182756,0.0,0.0,3387.0,7.0,4.0,89.0,0.0
254,253,24032.0,2.2734375,1340.5625,392.7265625,19939.49609375,21672.78515625,22691.4375,94.421760569241,2359.21484375,9.816972552222039,0.0,0.0,2021.0,3.0,2.0,95.0,0.0
255,254,24032.0,2.2734375,1338.375,392.7265625,19939.5234375,21670.625,22693.625,94.4308630159787,2361.375,9.825961218375499,0.0,0.0,1804.0,2.0,2.0,96.0,0.0
256,255,24032.0,2.2734375,1345.01953125,392.7265625,19939.55078125,21677.296875,22686.98046875,94.40321433401299,2354.703125,9.798198755825565,0.0,0.0,1949.0,2.0,2.0,96.0,0.0
257,256,24032.0,2.2734375,1343.81640625,392.7265625,19939.56640625,21676.109375,22688.18359375,94.40822067971871,2355.890625,9.803140084054593,0.0,0.0,2254.0,3.0,2.0,95.0,0.0
258,257,24032.0,2.2734375,1341.265625,392.7265625,19939.6015625,21673.59375,22690.734375,94.41883478278962,2358.40625,9.81360789780293,0.0,0.0,2786.0,3.0,4.0,93.0,0.0
259,258,24032.0,2.2734375,1334.2265625,392.7265625,19939.62109375,21666.57421875,22697.7734375,94.44812515604194,2365.42578125,9.842816999209388,0.0,0.0,5555.0,4.0,3.0,94.0,0.0
260,259,24032.0,2.2734375,1332.5078125,392.7265625,19939.66015625,21664.89453125,22699.4921875,94.4552770784787,2367.10546875,9.849806377954394,0.0,0.0,1869.0,2.0,2.0,96.0,0.0
261,260,24032.0,2.2734375,1329.4765625,392.7265625,19939.67578125,21661.87890625,22702.5234375,94.46789046895806,2370.12109375,9.862354750957056,0.0,0.0,3703.0,2.0,2.0,96.0,0.0
262,261,24032.0,2.2734375,1341.5703125,392.7265625,19939.71484375,21674.01171875,22690.4296875,94.41756694199401,2357.98828125,9.811868680301265,0.0,0.0,2457.0,3.0,2.0,95.0,0.0
263,262,24032.0,2.2734375,1337.828125,392.7265625,19939.75,21670.3046875,22694.171875,94.43313862766311,2361.6953125,9.827294076647803,0.0,0.0,4218.0,3.0,3.0,93.0,0.0
264,263,24032.0,2.2734375,1342.484375,392.7265625,19939.7734375,21674.984375,22689.515625,94.41376341960719,2357.015625,9.807821342376831,0.0,0.0,2923.0,3.0,3.0,93.0,0.0
265,264,24032.0,2.2734375,1341.25390625,392.7265625,19939.8125,21673.79296875,22690.74609375,94.41888354589713,2358.20703125,9.812778924975033,0.0,0.0,2042.0,2.0,2.0,95.0,0.0
266,265,24032.0,2.2734375,1340.515625,392.7265625,19939.85546875,21673.09765625,22691.484375,94.4219556216711,2358.90234375,9.815672202688082,0.0,0.0,1750.0,2.0,2.0,96.0,0.0
267,266,24032.0,2.2734375,1338.79296875,392.7265625,19939.875,21671.39453125,22693.20703125,94.42912379847704,2360.60546875,9.822759107648135,0.0,0.0,1943.0,2.0,2.0,96.0,0.0
268,267,24032.0,2.2734375,1336.11328125,392.7265625,19939.8984375,21668.73828125,22695.88671875,94.4402742957307,2363.26171875,9.833812078686751,0.0,0.0,2638.0,2.0,2.0,96.0,0.0
269,268,24032.0,2.2734375,1342.83203125,392.7265625,19940.05078125,21675.609375,22689.16796875,94.41231678075066,2356.390625,9.805220643308923,0.0,0.0,4218.0,4.0,4.0,92.0,0.0
270,269,24032.0,2.2734375,1340.8671875,392.7265625,19940.07421875,21673.66796875,22691.1328125,94.42049272844541,2358.33203125,9.813299064788614,0.0,0.0,2121.0,2.0,1.0,97.0,0.0
271,270,24032.0,2.2734375,1341.17578125,392.7265625,19940.109375,21674.01171875,22690.82421875,94.41920863328063,2357.98828125,9.811868680301265,0.0,0.0,1856.0,2.0,2.0,97.0,0.0
272,271,24032.0,2.2734375,1341.17578125,392.7265625,19940.12890625,21674.03125,22690.82421875,94.41920863328063,2357.96875,9.811787408455393,0.0,0.0,1885.0,2.0,2.0,96.0,0.0
273,272,24032.0,2.2734375,1339.5078125,392.7265625,19940.1484375,21672.3828125,22692.4921875,94.42614924891811,2359.6171875,9.818646752247004,0.0,0.0,2070.0,2.0,2.0,95.0,0.0
274,273,24032.0,2.2734375,1340.66796875,392.7265625,19940.1875,21673.58203125,22691.33203125,94.4213217012733,2358.41796875,9.813656660910453,0.0,0.0,2702.0,4.0,4.0,93.0,0.0
275,274,24032.0,2.2734375,1339.19140625,392.7265625,19940.203125,21672.12109375,22692.80859375,94.42746585282123,2359.87890625,9.81973579498169,0.0,0.0,2554.0,6.0,2.0,91.0,0.0
276,275,24032.0,2.2734375,1345.93359375,392.7265625,19940.23828125,21678.8984375,22686.06640625,94.39941081162615,2353.1015625,9.791534464464048,0.0,0.0,1876.0,2.0,2.0,96.0,0.0
277,276,24032.0,2.2734375,1343.0,392.7265625,19940.25,21675.9765625,22689.0,94.41161784287615,2356.0234375,9.803692732606525,0.0,0.0,1986.0,2.0,2.0,96.0,1.0
278,277,24032.0,2.2734375,1341.7734375,392.7265625,19940.27734375,21674.77734375,22690.2265625,94.41672171479694,2357.22265625,9.808682823943075,0.0,0.0,1882.0,2.0,2.0,97.0,0.0
279,278,24032.0,2.2734375,1340.12109375,392.7265625,19940.3125,21673.16015625,22691.87890625,94.42359731295772,2358.83984375,9.815412132781292,0.0,0.0,2910.0,4.0,4.0,92.0,0.0
280,279,24032.0,2.2734375,1339.62890625,392.7265625,19940.32421875,21672.6796875,22692.37109375,94.42564536347369,2359.3203125,9.817411420189746,0.0,0.0,1724.0,2.0,2.0,96.0,0.0
281,280,24032.0,2.2734375,1338.64453125,392.7265625,19940.359375,21671.73046875,22693.35546875,94.42974146450565,2360.26953125,9.821361231899134,0.0,0.0,1869.0,2.0,2.0,96.0,0.0
282,281,24032.0,2.2734375,1339.8984375,392.7265625,19940.3671875,21672.9921875,22692.1015625,94.42452381200066,2359.0078125,9.816111070655792,0.0,0.0,1927.0,2.0,2.0,96.0,0.0
283,282,24032.0,2.2734375,1339.4453125,392.7265625,19940.4140625,21672.5859375,22692.5546875,94.4264093188249,2359.4140625,9.817801525049934,0.0,0.0,1895.0,2.0,2.0,96.0,0.0
284,283,24032.0,2.2734375,1339.84765625,392.7265625,19940.4375,21673.01171875,22692.15234375,94.42473511879993,2358.98828125,9.81602979880992,0.0,0.0,2097.0,2.0,2.0,95.0,0.0
285,284,24032.0,2.2734375,1337.83203125,392.7265625,19940.47265625,21671.03125,22694.16796875,94.43312237329394,2360.96875,9.824270763981357,0.0,0.0,2790.0,3.0,4.0,94.0,0.0
286,285,24032.0,2.2734375,1337.83203125,392.7265625,19940.4921875,21671.05078125,22694.16796875,94.43312237329394,2360.94921875,9.824189492135487,0.0,0.0,1910.0,2.0,1.0,97.0,0.0
287,286,24032.0,2.2734375,1337.83203125,392.7265625,19940.51953125,21671.078125,22694.16796875,94.43312237329394,2360.921875,9.824075711551265,0.0,0.0,1997.0,2.0,2.0,96.0,0.0
288,287,24032.0,2.2734375,1337.5859375,392.7265625,19940.5390625,21670.8515625,22694.4140625,94.43414639855193,2361.1484375,9.825018464963382,0.0,0.0,1905.0,2.0,2.0,97.0,0.0
289,288,24032.0,2.2734375,1340.49609375,392.7265625,19940.5625,21673.78515625,22691.50390625,94.42203689351697,2358.21484375,9.812811433713382,0.0,0.0,5325.0,4.0,3.0,94.0,0.0
290,289,24032.0,2.2734375,1336.79296875,392.7265625,19940.58984375,21670.109375,22695.20703125,94.43744603549435,2361.890625,9.828106795106525,0.0,0.0,2780.0,3.0,4.0,93.0,0.0
291,290,24032.0,2.2734375,1335.5625,392.7265625,19940.62109375,21668.91015625,22696.4375,94.44256616178428,2363.08984375,9.833096886443075,0.0,0.0,2467.0,2.0,2.0,96.0,0.0
292,291,24032.0,2.2734375,1338.77734375,392.7265625,19940.63671875,21672.140625,22693.22265625,94.42918881595372,2359.859375,9.819654523135819,0.0,0.0,3653.0,3.0,2.0,95.0,0.0
293,292,24032.0,2.2734375,1331.65234375,392.7265625,19940.671875,21665.05078125,22700.34765625,94.45883678532789,2366.94921875,9.849156203187418,0.0,0.0,3890.0,4.0,3.0,94.0,0.0
294,293,24032.0,2.2734375,1339.03125,392.7265625,19940.69140625,21672.44921875,22692.96875,94.42813228195739,2359.55078125,9.81837042797104,0.0,0.0,1825.0,2.0,2.0,96.0,0.0
295,294,24032.0,2.2734375,1335.37109375,392.7265625,19940.73828125,21668.8359375,22696.62890625,94.44336262587385,2363.1640625,9.83340571945739,0.0,0.0,3001.0,4.0,4.0,91.0,0.0
296,295,24032.0,2.2734375,1334.32421875,392.7265625,19940.75390625,21667.8046875,22697.67578125,94.44771879681258,2364.1953125,9.837696872919441,0.0,0.0,1830.0,2.0,2.0,96.0,0.0
297,296,24032.0,2.2734375,1336.78515625,392.7265625,19940.78515625,21670.296875,22695.21484375,94.43747854423269,2361.703125,9.827326585386151,0.0,0.0,1903.0,2.0,2.0,96.0,0.0
298,297,24032.0,2.2734375,1336.5390625,392.7265625,19940.796875,21670.0625,22695.4609375,94.43850256949068,2361.9375,9.828301847536618,0.0,0.0,2065.0,2.0,2.0,96.0,0.0
299,298,24032.0,2.2734375,1335.18359375,392.7265625,19940.828125,21668.73828125,22696.81640625,94.4441428355942,2363.26171875,9.833812078686751,0.0,0.0,4520.0,3.0,3.0,94.0,0.0
300,299,24032.0,2.2734375,1344.71875,392.7265625,19940.86328125,21678.30859375,22687.28125,94.40446592043942,2353.69140625,9.793988874209388,0.0,0.0,2973.0,4.0,4.0,92.0,0.0
301,300,24032.0,2.2734375,1345.67578125,392.7265625,19940.89453125,21679.296875,22686.32421875,94.40048359999167,2352.703125,9.789876518808256,0.0,0.0,3510.0,7.0,3.0,90.0,0.0
302,301,24032.0,2.2734375,1352.734375,392.7265625,19940.921875,21686.3828125,22679.265625,94.37111195489348,2345.6171875,9.760391093125833,0.0,0.0,1721.0,2.0,2.0,96.0,0.0
303,302,24032.0,2.2734375,1350.53125,392.7265625,19940.95703125,21684.21484375,22681.46875,94.38027941910786,2347.78515625,9.769412268017645,0.0,0.0,1971.0,2.0,2.0,96.0,0.0
304,303,24032.0,2.2734375,1354.8125,392.7265625,19940.98046875,21688.51953125,22677.1875,94.36246463049268,2343.48046875,9.751499953187418,0.0,0.0,2130.0,2.0,2.0,96.0,0.0
305,304,24032.0,2.2734375,1348.69921875,392.7265625,19941.015625,21682.44140625,22683.30078125,94.38790271825066,2349.55859375,9.776791751622836,0.0,0.0,2312.0,3.0,3.0,94.0,0.0
306,305,24032.0,2.2734375,1353.53125,392.7265625,19941.05078125,21687.30859375,22678.46875,94.36779606358189,2344.69140625,9.756538807631491,0.0,0.0,2615.0,3.0,3.0,95.0,0.0
307,306,24032.0,2.2734375,1350.33203125,392.7265625,19941.078125,21684.13671875,22681.66796875,94.38110839193575,2347.86328125,9.769737355401132,0.0,0.0,2172.0,3.0,3.0,95.0,0.0
308,307,24032.0,2.2734375,1357.6875,392.7265625,19941.10546875,21691.51953125,22674.3125,94.3505014147803,2340.48046875,9.73901659766145,0.0,0.0,1687.0,2.0,2.0,96.0,0.0
309,308,24032.0,2.2734375,1353.2890625,392.7265625,19941.12890625,21687.14453125,22678.7109375,94.36880383447071,2344.85546875,9.757221491136818,0.0,0.0,2192.0,2.0,3.0,95.0,0.0
310,309,24032.0,2.2734375,1353.046875,392.7265625,19941.13671875,21686.91015625,22678.953125,94.36981160535952,2345.08984375,9.758196753287283,0.0,0.0,1832.0,2.0,2.0,96.0,0.0
311,310,24032.0,2.2734375,1351.1015625,392.7265625,19941.18359375,21685.01171875,22680.8984375,94.3779062812084,2346.98828125,9.76609637670606,0.0,0.0,3314.0,4.0,4.0,92.0,0.0
312,311,24032.0,2.2734375,1350.36328125,392.7265625,19941.1953125,21684.28515625,22681.63671875,94.38097835698235,2347.71484375,9.769119689372504,0.0,0.0,1937.0,2.0,2.0,96.0,0.0
313,312,24032.0,2.2734375,1347.68359375,392.7265625,19941.22265625,21681.6328125,22684.31640625,94.39212885423602,2350.3671875,9.780156406041945,0.0,0.0,1942.0,2.0,2.0,96.0,0.0
314,313,24032.0,2.2734375,1351.2265625,392.7265625,19941.234375,21685.1875,22680.7734375,94.37738614139481,2346.8125,9.76536493009321,0.0,0.0,1894.0,2.0,2.0,96.0,0.0
315,314,24032.0,2.2734375,1350.5,392.7265625,19941.2578125,21684.484375,22681.5,94.38040945406125,2347.515625,9.768290716544607,0.0,0.0,2071.0,2.0,2.0,96.0,0.0
316,315,24032.0,2.2734375,1343.8984375,392.7265625,19941.296875,21677.921875,22688.1015625,94.40787933796605,2354.078125,9.795598056757656,0.0,0.0,2841.0,4.0,4.0,93.0,0.0
317,316,24032.0,2.2734375,1339.9609375,392.7265625,19941.31640625,21674.00390625,22692.0390625,94.42426374209387,2357.99609375,9.811901189039613,0.0,0.0,2877.0,3.0,2.0,94.0,0.0
318,317,24032.0,2.2734375,1345.45703125,392.7265625,19941.34765625,21679.53125,22686.54296875,94.40139384466545,2352.46875,9.78890125665779,0.0,0.0,1862.0,2.0,2.0,96.0,0.0
319,318,24032.0,2.2734375,1342.0078125,392.7265625,19941.359375,21676.09375,22689.9921875,94.41574645264647,2355.90625,9.803205101531292,0.0,0.0,5177.0,4.0,3.0,92.0,0.0
320,319,24032.0,2.2734375,1339.82421875,392.7265625,19941.39453125,21673.9453125,22692.17578125,94.42483264501497,2358.0546875,9.81214500457723,0.0,0.0,1900.0,2.0,2.0,96.0,0.0
321,320,24032.0,2.2734375,1334.60546875,392.7265625,19941.42578125,21668.7578125,22697.39453125,94.44654848223203,2363.2421875,9.83373080684088,0.0,0.0,3346.0,4.0,4.0,92.0,0.0
322,321,24032.0,2.2734375,1333.0078125,392.7265625,19941.45703125,21667.19140625,22698.9921875,94.45319651922436,2364.80859375,9.840248808879828,0.0,0.0,3831.0,3.0,2.0,94.0,0.0
323,322,24032.0,2.2734375,1333.0078125,392.7265625,19941.484375,21667.21875,22698.9921875,94.45319651922436,2364.78125,9.840135028295606,0.0,0.0,3730.0,3.0,2.0,95.0,0.0
324,323,24032.0,2.2734375,1333.0078125,392.7265625,19941.515625,21667.25,22698.9921875,94.45319651922436,2364.75,9.84000499334221,0.0,0.0,1917.0,2.0,2.0,96.0,0.0
325,324,24032.0,2.2734375,1332.54296875,392.7265625,19941.5390625,21666.80859375,22699.45703125,94.45513078915613,2365.19140625,9.841841737058923,0.0,0.0,2269.0,3.0,2.0,95.0,0.0
326,325,24032.0,2.2734375,1330.390625,392.7265625,19941.56640625,21664.68359375,22701.609375,94.46408694657123,2367.31640625,9.850684113889814,0.0,0.0,2328.0,3.0,3.0,94.0,0.0
327,326,24032.0,2.2734375,1327.8671875,392.7265625,19941.6015625,21662.1953125,22704.1328125,94.47458726905792,2369.8046875,9.861038147053929,0.0,0.0,2521.0,7.0,2.0,91.0,0.0
328,327,24032.0,2.2734375,1335.25,392.7265625,19941.625,21669.6015625,22696.75,94.44386651131825,2362.3984375,9.830219863099202,0.0,0.0,1969.0,2.0,2.0,96.0,0.0
329,328,24032.0,2.2734375,1325.94140625,392.7265625,19941.6484375,21660.31640625,22706.05859375,94.48260067306093,2371.68359375,9.868856498626831,0.0,0.0,4109.0,3.0,3.0,95.0,0.0
330,329,24032.0,2.2734375,1331.63671875,392.7265625,19941.6875,21666.05078125,22700.36328125,94.45890180280459,2365.94921875,9.844995084678763,0.0,0.0,1989.0,2.0,2.0,96.0,0.0
331,330,24032.0,2.2734375,1342.41796875,392.7265625,19941.69921875,21676.84375,22689.58203125,94.41403974388317,2355.15625,9.8000842626498,0.0,0.0,1869.0,3.0,2.0,95.0,0.0
332,331,24032.0,2.2734375,1338.05859375,392.7265625,19941.859375,21672.64453125,22693.94140625,94.43217961988182,2359.35546875,9.817557709512318,0.0,0.0,2951.0,4.0,4.0,92.0,0.0
333,332,24032.0,2.2734375,1338.05859375,392.7265625,19941.87109375,21672.65625,22693.94140625,94.43217961988182,2359.34375,9.817508946404793,0.0,0.0,2077.0,2.0,2.0,96.0,0.0
334,333,24032.0,2.2734375,1336.3359375,392.7265625,19941.91015625,21670.97265625,22695.6640625,94.43934779668774,2361.02734375,9.824514579518976,0.0,0.0,2515.0,2.0,2.0,96.0,0.0
335,334,24032.0,2.2734375,1335.37890625,392.7265625,19941.9296875,21670.03515625,22696.62109375,94.44333011713549,2361.96484375,9.828415628120839,0.0,0.0,2064.0,2.0,2.0,96.0,0.0
336,335,24032.0,2.2734375,1335.37890625,392.7265625,19941.97265625,21670.078125,22696.62109375,94.44333011713549,2361.921875,9.82823683005992,0.0,0.0,1916.0,2.0,2.0,96.0,0.0
337,336,24032.0,2.2734375,1337.51171875,392.7265625,19942.0,21672.23828125,22694.48828125,94.43445523156625,2359.76171875,9.819248163906458,0.0,0.0,3277.0,4.0,5.0,91.0,0.0
338,337,24032.0,2.2734375,1350.15625,392.7265625,19942.0390625,21684.921875,22681.84375,94.3818398385486,2347.078125,9.76647022719707,0.0,0.0,1968.0,2.0,2.0,96.0,0.0
339,338,24032.0,2.2734375,1346.71875,392.7265625,19942.05078125,21681.49609375,22685.28125,94.39614368342211,2350.50390625,9.78072530896305,0.0,0.0,2139.0,2.0,2.0,96.0,0.0
340,339,24032.0,2.2734375,1346.5546875,392.7265625,19942.0859375,21681.3671875,22685.4453125,94.39682636692743,2350.6328125,9.781261703145807,0.0,0.0,1856.0,2.0,2.0,96.0,0.0
341,340,24032.0,2.2734375,1347.0390625,392.7265625,19942.10546875,21681.87109375,22684.9609375,94.3948108251498,2350.12890625,9.779164889522303,0.0,0.0,2511.0,3.0,2.0,95.0,0.0
342,341,24032.0,2.2734375,1346.2578125,392.7265625,19942.1484375,21681.1328125,22685.7421875,94.39806169898469,2350.8671875,9.782236965296272,0.0,0.0,3012.0,4.0,4.0,93.0,0.0
343,342,24032.0,2.2734375,1342.68359375,392.7265625,19942.16796875,21677.578125,22689.31640625,94.41293444677929,2354.421875,9.797028441245006,0.0,0.0,2424.0,3.0,3.0,94.0,0.0
344,343,24032.0,2.2734375,1347.55859375,392.7265625,19942.19921875,21682.484375,22684.44140625,94.3926489940496,2349.515625,9.776612953561918,0.0,0.0,1902.0,2.0,2.0,96.0,0.0
345,344,24032.0,2.2734375,1342.5390625,392.7265625,19942.22265625,21677.48828125,22689.4609375,94.41353585843875,2354.51171875,9.797402291736018,0.0,0.0,2667.0,4.0,3.0,93.0,0.0
346,345,24032.0,2.2734375,1345.796875,392.7265625,19942.25,21680.7734375,22686.203125,94.39997971454727,2351.2265625,9.78373236726032,0.0,0.0,1974.0,2.0,2.0,96.0,0.0
347,346,24032.0,2.2734375,1339.875,392.7265625,19942.2734375,21674.875,22692.125,94.42462133821572,2357.125,9.808276464713716,0.0,0.0,3100.0,4.0,4.0,92.0,0.0
348,347,24032.0,2.2734375,1356.78515625,392.7265625,19942.3203125,21691.83203125,22675.21484375,94.35425617405959,2340.16796875,9.737716248127496,0.0,0.0,2481.0,3.0,2.0,95.0,0.0
349,348,24032.0,2.2734375,1341.1875,392.7265625,19942.33984375,21676.25390625,22690.8125,94.4191598701731,2355.74609375,9.80253867239514,0.0,0.0,4985.0,4.0,3.0,92.0,0.0
350,349,24032.0,2.2734375,1343.85546875,392.7265625,19942.36328125,21678.9453125,22688.14453125,94.40805813602697,2353.0546875,9.791339412033954,0.0,0.0,1820.0,2.0,2.0,96.0,0.0
351,350,24032.0,2.2734375,1341.64453125,392.7265625,19942.3984375,21676.76953125,22690.35546875,94.4172581089797,2355.23046875,9.800393095664115,0.0,0.0,2436.0,6.0,2.0,92.0,0.0
352,351,24032.0,2.2734375,1347.78125,392.7265625,19942.4140625,21682.921875,22684.21875,94.39172249500666,2349.078125,9.77479246421438,0.0,0.0,3603.0,3.0,3.0,94.0,0.0
353,352,24032.0,2.2734375,1333.796875,392.7265625,19942.453125,21668.9765625,22698.203125,94.44991313665113,2363.0234375,9.832820562167111,0.0,0.0,8163.0,5.0,4.0,90.0,0.0
354,353,24032.0,2.2734375,1346.4921875,392.7265625,19942.46875,21681.6875,22685.5078125,94.39708643683421,2350.3125,9.779928844873503,0.0,0.0,2221.0,3.0,2.0,95.0,0.0
355,354,24032.0,2.2734375,1351.74609375,392.7265625,19942.49609375,21686.96875,22680.25390625,94.3752243102946,2345.03125,9.757952937749668,0.0,0.0,2246.0,2.0,2.0,96.0,0.0
356,355,24032.0,2.2734375,1353.5625,392.7265625,19942.52734375,21688.81640625,22678.4375,94.36766602862849,2343.18359375,9.75026462113016,0.0,0.0,1963.0,2.0,2.0,96.0,0.0
357,356,24032.0,2.2734375,1351.109375,392.7265625,19942.5625,21686.3984375,22680.890625,94.37787377247004,2345.6015625,9.760326075649134,0.0,0.0,2697.0,3.0,3.0,94.0,0.0
358,357,24032.0,2.2734375,1349.78125,392.7265625,19942.60546875,21685.11328125,22682.21875,94.38340025798935,2346.88671875,9.765673763107523,0.0,0.0,2987.0,4.0,4.0,92.0,0.0
359,358,24032.0,2.2734375,1345.1171875,392.7265625,19942.62109375,21680.46484375,22686.8828125,94.40280797478363,2351.53515625,9.7850164624251,0.0,0.0,3890.0,3.0,2.0,95.0,0.0
360,359,24032.0,2.2734375,1343.39453125,392.7265625,19942.65234375,21678.7734375,22688.60546875,94.40997615158955,2353.2265625,9.792054604277629,0.0,0.0,1986.0,2.0,2.0,95.0,0.0
361,360,24032.0,2.2734375,1342.4375,392.7265625,19942.67578125,21677.83984375,22689.5625,94.41395847203728,2354.16015625,9.79593939851032,0.0,0.0,2128.0,2.0,2.0,96.0,0.0
362,361,24032.0,2.2734375,1347.109375,392.7265625,19942.703125,21682.5390625,22684.890625,94.39451824650466,2349.4609375,9.776385392393475,0.0,0.0,1867.0,2.0,2.0,96.0,0.0
363,362,24032.0,2.2734375,1341.18359375,392.7265625,19942.71875,21676.62890625,22690.81640625,94.41917612454228,2355.37109375,9.800978252954394,0.0,0.0,2851.0,4.0,4.0,92.0,0.0
364,363,24032.0,2.2734375,1345.8671875,392.7265625,19942.75,21681.34375,22686.1328125,94.39968713590213,2350.65625,9.781359229360852,0.0,0.0,1875.0,2.0,2.0,96.0,0.0
365,364,24032.0,2.2734375,1344.63671875,392.7265625,19942.7734375,21680.13671875,22687.36328125,94.40480726219208,2351.86328125,9.786381829435753,0.0,0.0,2076.0,2.0,2.0,95.0,0.0
366,365,24032.0,2.2734375,1345.578125,392.7265625,19942.8046875,21681.109375,22686.421875,94.40088995922103,2350.890625,9.78233449151132,0.0,0.0,2042.0,2.0,2.0,97.0,0.0
367,366,24032.0,2.2734375,1345.25390625,392.7265625,19942.828125,21680.80859375,22686.74609375,94.40223907186251,2351.19140625,9.783586077937748,0.0,0.0,1902.0,2.0,2.0,96.0,0.0
368,367,24032.0,2.2734375,1340.47265625,392.7265625,19942.8515625,21676.05078125,22691.52734375,94.42213441973203,2355.94921875,9.80338389959221,0.0,0.0,2569.0,3.0,3.0,94.0,0.0
369,368,24032.0,2.2734375,1339.48828125,392.7265625,19942.890625,21675.10546875,22692.51171875,94.42623052076398,2356.89453125,9.807317456932424,0.0,0.0,2187.0,2.0,2.0,96.0,0.0
370,369,24032.0,2.2734375,1343.25,392.7265625,19942.8984375,21678.875,22688.75,94.41057756324899,2353.125,9.791631990679095,0.0,0.0,2068.0,3.0,2.0,95.0,0.0
371,370,24032.0,2.2734375,1341.3046875,392.7265625,19942.9296875,21676.9609375,22690.6953125,94.41867223909787,2355.0390625,9.799596631574566,0.0,0.0,2122.0,3.0,2.0,95.0,0.0
372,371,24032.0,2.2734375,1342.33203125,392.7265625,19942.94921875,21678.0078125,22689.66796875,94.414397340005,2353.9921875,9.795240460635819,0.0,0.0,2021.0,2.0,2.0,95.0,0.0
373,372,24032.0,2.2734375,1341.375,392.7265625,19942.96875,21677.0703125,22690.625,94.41837966045273,2354.9296875,9.799141509237682,0.0,0.0,1962.0,6.0,2.0,92.0,0.0
374,373,24032.0,2.2734375,1337.7109375,392.7265625,19942.9921875,21673.4296875,22694.2890625,94.43362625873834,2358.5703125,9.814290581308256,0.0,0.0,2717.0,4.0,4.0,92.0,0.0
375,374,24032.0,2.2734375,1336.01171875,392.7265625,19943.04296875,21671.78125,22695.98828125,94.44069690932922,2360.21875,9.821149925099867,0.0,0.0,1921.0,2.0,2.0,96.0,0.0
376,375,24032.0,2.2734375,1334.54296875,392.7265625,19943.0625,21670.33203125,22697.45703125,94.44680855213882,2361.66796875,9.827180296063581,0.0,0.0,2228.0,3.0,2.0,95.0,0.0
377,376,24032.0,2.2734375,1340.734375,392.7265625,19943.08984375,21676.55078125,22691.265625,94.42104537699734,2355.44921875,9.801303340337883,0.0,0.0,2090.0,3.0,2.0,95.0,0.0
378,377,24032.0,2.2734375,1339.77734375,392.7265625,19943.10546875,21675.609375,22692.22265625,94.42502769744507,2356.390625,9.805220643308923,0.0,0.0,1721.0,2.0,2.0,96.0,0.0
379,378,24032.0,2.2734375,1329.62109375,392.7265625,19943.17578125,21665.5234375,22702.37890625,94.4672890572986,2366.4765625,9.84718942451731,0.0,0.0,6016.0,5.0,5.0,91.0,0.0
380,379,24032.0,2.2734375,1328.1484375,392.7265625,19943.19140625,21664.06640625,22703.8515625,94.47341695447736,2367.93359375,9.853252304219374,0.0,0.0,2105.0,2.0,2.0,96.0,0.0
381,380,24032.0,2.2734375,1327.5703125,392.7265625,19943.23828125,21663.53515625,22704.4296875,94.47582260111518,2368.46484375,9.855462898427097,0.0,0.0,2544.0,3.0,2.0,95.0,0.0
382,381,24032.0,2.2734375,1327.3359375,392.7265625,19943.2578125,21663.3203125,22704.6640625,94.47679786326565,2368.6796875,9.85635688873169,0.0,0.0,4002.0,3.0,2.0,95.0,0.0
383,382,24032.0,2.2734375,1332.93359375,392.7265625,19943.27734375,21668.9375,22699.06640625,94.4535053522387,2363.0625,9.832983105858855,0.0,0.0,4372.0,4.0,3.0,93.0,0.0
384,383,24032.0,2.2734375,1338.30078125,392.7265625,19943.30859375,21674.3359375,22693.69921875,94.43117184899302,2357.6640625,9.810519567659787,0.0,0.0,2816.0,3.0,4.0,93.0,0.0
385,384,24032.0,2.2734375,1334.88671875,392.7265625,19943.33984375,21670.953125,22697.11328125,94.44537816765146,2361.046875,9.824595851364846,0.0,0.0,2426.0,3.0,2.0,95.0,0.0
386,385,24032.0,2.2734375,1333.1640625,392.7265625,19943.35546875,21669.24609375,22698.8359375,94.45254634445739,2362.75390625,9.831699010694074,0.0,0.0,2153.0,2.0,2.0,96.0,0.0
387,386,24032.0,2.2734375,1332.05078125,392.7265625,19943.3828125,21668.16015625,22699.94921875,94.45717883967211,2363.83984375,9.836217725324566,0.0,0.0,2713.0,3.0,2.0,94.0,0.0
388,387,24032.0,2.2734375,1340.265625,392.7265625,19943.40625,21676.3984375,22691.734375,94.42299590129826,2355.6015625,9.801937260735686,0.0,0.0,1923.0,2.0,2.0,96.0,0.0
389,388,24032.0,2.2734375,1328.75390625,392.7265625,19943.44140625,21664.921875,22703.24609375,94.47089752725533,2367.078125,9.849692597370172,0.0,0.0,4769.0,4.0,4.0,92.0,0.0
390,389,24032.0,2.2734375,1330.359375,392.7265625,19943.4609375,21666.546875,22701.640625,94.46421698152463,2365.453125,9.842930779793608,0.0,0.0,2164.0,3.0,2.0,95.0,0.0
391,390,24032.0,2.2734375,1330.57421875,392.7265625,19943.484375,21666.78515625,22701.42578125,94.46332299122004,2365.21484375,9.841939263273968,0.0,0.0,3529.0,3.0,2.0,94.0,0.0
392,391,24032.0,2.2734375,1333.57421875,392.7265625,19943.4921875,21669.79296875,22698.42578125,94.45083963569407,2362.20703125,9.829423399009654,0.0,0.0,1870.0,2.0,2.0,96.0,0.0
393,392,24032.0,2.2734375,1332.34375,392.7265625,19943.54296875,21668.61328125,22699.65625,94.45595976198402,2363.38671875,9.834332218500332,0.0,0.0,2091.0,3.0,2.0,95.0,0.0
394,393,24032.0,2.2734375,1330.37890625,392.7265625,19943.55859375,21666.6640625,22701.62109375,94.46413570967877,2365.3359375,9.842443148718376,0.0,0.0,1802.0,2.0,2.0,96.0,0.0
395,394,24032.0,2.2734375,1327.41796875,392.7265625,19943.7265625,21663.87109375,22704.58203125,94.47645652151299,2368.12890625,9.854065022678096,0.0,0.0,2809.0,3.0,3.0,93.0,0.0
396,395,24032.0,2.2734375,1327.6640625,392.7265625,19943.734375,21664.125,22704.3359375,94.475432496255,2367.875,9.853008488681759,0.0,0.0,2231.0,2.0,2.0,96.0,0.0
397,396,24032.0,2.2734375,1334.0625,392.7265625,19943.7734375,21670.5625,22697.9375,94.44880783954727,2361.4375,9.82622128828229,0.0,0.0,1976.0,6.0,2.0,92.0,0.0
398,397,24032.0,2.2734375,1333.078125,392.7265625,19943.7890625,21669.59375,22698.921875,94.45290394057922,2362.40625,9.83025237183755,0.0,0.0,2040.0,2.0,2.0,95.0,0.0
399,398,24032.0,2.2734375,1336.9453125,392.7265625,19943.8203125,21673.4921875,22695.0546875,94.43681211509653,2358.5078125,9.814030511401464,0.0,0.0,2228.0,2.0,2.0,96.0,0.0
400,399,24032.0,2.2734375,1344.0078125,392.7265625,19943.84375,21680.578125,22687.9921875,94.40742421562916,2351.421875,9.784545085719042,0.0,0.0,3001.0,4.0,4.0,91.0,0.0
401,400,24032.0,2.2734375,1342.28515625,392.7265625,19943.8984375,21678.91015625,22689.71484375,94.41459239243508,2353.08984375,9.791485701356525,0.0,0.0,1869.0,2.0,2.0,97.0,0.0
402,401,24032.0,2.2734375,1340.31640625,392.7265625,19943.9140625,21676.95703125,22691.68359375,94.42278459449899,2355.04296875,9.799612885943741,0.0,0.0,2297.0,2.0,2.0,96.0,0.0
403,402,24032.0,2.2734375,1340.31640625,392.7265625,19943.94140625,21676.984375,22691.68359375,94.42278459449899,2355.015625,9.79949910535952,0.0,0.0,2010.0,2.0,2.0,96.0,0.0
404,403,24032.0,2.2734375,1350.59375,392.7265625,19943.96484375,21687.28515625,22681.40625,94.38001934920106,2344.71484375,9.756636333846538,0.0,0.0,1848.0,2.0,2.0,96.0,0.0
405,404,24032.0,2.2734375,1345.7734375,392.7265625,19944.0,21682.5,22686.2265625,94.40007724076231,2349.5,9.776547936085219,0.0,0.0,2770.0,4.0,4.0,92.0,0.0
406,405,24032.0,2.2734375,1347.5625,392.7265625,19944.015625,21684.3046875,22684.4375,94.39263273968042,2347.6953125,9.76903841752663,0.0,0.0,2065.0,2.0,2.0,96.0,0.0
407,406,24032.0,2.2734375,1344.88671875,392.7265625,19944.0390625,21681.65234375,22687.11328125,94.40376698256492,2350.34765625,9.780075134196071,0.0,0.0,2086.0,3.0,2.0,95.0,0.0
408,407,24032.0,2.2734375,1343.90234375,392.7265625,19944.06640625,21680.6953125,22688.09765625,94.40786308359687,2351.3046875,9.78405745464381,0.0,0.0,1915.0,2.0,2.0,96.0,0.0
409,408,24032.0,2.2734375,1334.16796875,392.7265625,19944.09765625,21670.9921875,22697.83203125,94.44836897157957,2361.0078125,9.824433307673102,0.0,0.0,5012.0,3.0,2.0,94.0,0.0
410,409,24032.0,2.2734375,1337.08203125,392.7265625,19944.12890625,21673.9375,22694.91796875,94.43624321217543,2358.0625,9.812177513315579,0.0,0.0,2746.0,3.0,3.0,94.0,0.0
411,410,24032.0,2.2734375,1332.6796875,392.7265625,19944.16015625,21669.56640625,22699.3203125,94.45456188623503,2362.43359375,9.830366152421771,0.0,0.0,2363.0,3.0,2.0,95.0,0.0
412,411,24032.0,2.2734375,1338.96484375,392.7265625,19944.1953125,21675.88671875,22693.03515625,94.42840860623336,2356.11328125,9.804066583097537,0.0,0.0,3992.0,4.0,3.0,93.0,0.0
413,412,24032.0,2.2734375,1336.5625,392.7265625,19944.22265625,21673.51171875,22695.4375,94.43840504327564,2358.48828125,9.813949239555592,0.0,0.0,3917.0,3.0,3.0,94.0,0.0
414,413,24032.0,2.2734375,1354.17578125,392.7265625,19944.23046875,21691.1328125,22677.82421875,94.36511409266811,2340.8671875,9.74062578020972,0.0,0.0,1951.0,2.0,2.0,96.0,0.0
415,414,24032.0,2.2734375,1348.0625,392.7265625,19944.265625,21685.0546875,22683.9375,94.3905521804261,2346.9453125,9.76591757864514,0.0,0.0,2053.0,2.0,2.0,96.0,0.0
416,415,24032.0,2.2734375,1346.16796875,392.7265625,19944.2890625,21683.18359375,22685.83203125,94.3984355494757,2348.81640625,9.773703421479693,0.0,0.0,2834.0,4.0,4.0,92.0,0.0
417,416,24032.0,2.2734375,1346.66796875,392.7265625,19944.32421875,21683.71875,22685.33203125,94.39635499022138,2348.28125,9.771476572902795,0.0,0.0,3395.0,3.0,2.0,95.0,0.0
418,417,24032.0,2.2734375,1352.91796875,392.7265625,19944.3359375,21689.98046875,22679.08203125,94.37034799954228,2342.01953125,9.745420819116179,0.0,0.0,2350.0,2.0,2.0,96.0,0.0
419,418,24032.0,2.2734375,1345.32421875,392.7265625,19944.37890625,21682.4296875,22686.67578125,94.40194649321738,2349.5703125,9.77684051473036,0.0,0.0,3939.0,3.0,3.0,94.0,0.0
420,419,24032.0,2.2734375,1350.546875,392.7265625,19944.39453125,21687.66796875,22681.453125,94.38021440163115,2344.33203125,9.755043405667443,0.0,0.0,2065.0,2.0,2.0,96.0,0.0
421,420,24032.0,2.2734375,1345.44921875,392.7265625,19944.4296875,21682.60546875,22686.55078125,94.40142635340379,2349.39453125,9.77610906811751,0.0,0.0,2633.0,3.0,3.0,93.0,0.0
422,421,24032.0,2.2734375,1344.7109375,392.7265625,19944.44140625,21681.87890625,22687.2890625,94.40449842917776,2350.12109375,9.779132380783954,0.0,0.0,2242.0,2.0,2.0,95.0,0.0
423,422,24032.0,2.2734375,1343.48046875,392.7265625,19944.48828125,21680.6953125,22688.51953125,94.40961855546772,2351.3046875,9.78405745464381,0.0,0.0,2036.0,6.0,2.0,92.0,0.0
424,423,24032.0,2.2734375,1348.6640625,392.7265625,19944.5,21685.890625,22683.3359375,94.38804900757324,2346.109375,9.762439143641812,0.0,0.0,1840.0,2.0,2.0,97.0,0.0
425,424,24032.0,2.2734375,1344.48828125,392.7265625,19944.52734375,21681.7421875,22687.51171875,94.40542492822071,2350.2578125,9.77970128370506,0.0,0.0,1982.0,2.0,2.0,96.0,0.0
426,425,24032.0,2.2734375,1346.87109375,392.7265625,19944.54296875,21684.140625,22685.12890625,94.3955097630243,2347.859375,9.769721101031957,0.0,0.0,2999.0,3.0,4.0,92.0,0.0
427,426,24032.0,2.2734375,1344.28515625,392.7265625,19944.5859375,21681.59765625,22687.71484375,94.40627015541777,2350.40234375,9.780302695364513,0.0,0.0,1895.0,2.0,2.0,96.0,0.0
428,427,24032.0,2.2734375,1347.19140625,392.7265625,19944.6015625,21684.51953125,22684.80859375,94.39417690475199,2347.48046875,9.768144427222039,0.0,0.0,2027.0,2.0,2.0,95.0,0.0
429,428,24032.0,2.2734375,1343.50390625,392.7265625,19944.62890625,21680.859375,22688.49609375,94.40952102925266,2351.140625,9.783374771138483,0.0,0.0,2175.0,2.0,2.0,97.0,0.0
430,429,24032.0,2.2734375,1344.90234375,392.7265625,19944.65625,21682.28515625,22687.09765625,94.40370196508822,2349.71484375,9.777441926389814,0.0,0.0,2062.0,2.0,2.0,97.0,0.0
431,430,24032.0,2.2734375,1336.515625,392.7265625,19944.703125,21673.9453125,22695.484375,94.43860009570572,2358.0546875,9.81214500457723,0.0,0.0,2817.0,4.0,4.0,92.0,0.0
432,431,24032.0,2.2734375,1336.578125,392.7265625,19944.71484375,21674.01953125,22695.421875,94.43834002579894,2357.98046875,9.811836171562916,0.0,0.0,2166.0,2.0,2.0,96.0,0.0
433,432,24032.0,2.2734375,1336.33203125,392.7265625,19944.7578125,21673.81640625,22695.66796875,94.43936405105693,2358.18359375,9.812681398759986,0.0,0.0,1902.0,2.0,2.0,96.0,0.0
434,433,24032.0,2.2734375,1336.33203125,392.7265625,19944.77734375,21673.8359375,22695.66796875,94.43936405105693,2358.1640625,9.812600126914115,0.0,0.0,1810.0,2.0,1.0,97.0,0.0
435,434,24032.0,2.2734375,1335.64453125,392.7265625,19944.81640625,21673.1875,22696.35546875,94.44222482003163,2358.8125,9.81529835219707,0.0,0.0,1937.0,2.0,2.0,96.0,0.0
436,435,24032.0,2.2734375,1340.984375,392.7265625,19944.828125,21678.5390625,22691.015625,94.42000509737018,2353.4609375,9.793029866428096,0.0,0.0,2456.0,2.0,2.0,96.0,0.0
437,436,24032.0,2.2734375,1332.703125,392.7265625,19944.87890625,21670.30859375,22699.296875,94.45446436001997,2361.69140625,9.827277822278628,0.0,0.0,2938.0,4.0,3.0,93.0,0.0
438,437,24032.0,2.2734375,1341.90234375,392.7265625,19944.89453125,21679.5234375,22690.09765625,94.41618532061418,2352.4765625,9.788933765396138,0.0,0.0,1949.0,2.0,2.0,95.0,0.0
439,438,24032.0,2.2734375,1337.65234375,392.7265625,19944.94140625,21675.3203125,22694.34765625,94.43387007427596,2356.6796875,9.80642346662783,0.0,0.0,4849.0,3.0,2.0,95.0,0.0
440,439,24032.0,2.2734375,1337.10546875,392.7265625,19944.953125,21674.78515625,22694.89453125,94.43614568596038,2357.21484375,9.808650315204726,0.0,0.0,1905.0,2.0,2.0,96.0,0.0
441,440,24032.0,2.2734375,1334.921875,392.7265625,19944.98828125,21672.63671875,22697.078125,94.4452318783289,2359.36328125,9.817590218250666,0.0,0.0,2324.0,2.0,2.0,96.0,0.0
442,441,24032.0,2.2734375,1325.953125,392.7265625,19945.00390625,21663.68359375,22706.046875,94.4825519099534,2368.31640625,9.854845232398468,0.0,0.0,4773.0,5.0,4.0,90.0,0.0
443,442,24032.0,2.2734375,1328.65625,392.7265625,19945.0625,21666.4453125,22703.34375,94.47130388648469,2365.5546875,9.843353393392144,0.0,0.0,3185.0,2.0,2.0,96.0,0.0
444,443,24032.0,2.2734375,1324.73046875,392.7265625,19945.0703125,21662.52734375,22707.26953125,94.487639527505,2369.47265625,9.859656525674101,0.0,0.0,2706.0,2.0,2.0,96.0,0.0
445,444,24032.0,2.2734375,1324.484375,392.7265625,19945.109375,21662.3203125,22707.515625,94.48866355276299,2369.6796875,9.860518007240346,0.0,0.0,1810.0,2.0,2.0,96.0,0.0
446,445,24032.0,2.2734375,1323.25390625,392.7265625,19945.1171875,21661.09765625,22708.74609375,94.49378367905294,2370.90234375,9.865605624791945,0.0,0.0,1778.0,2.0,2.0,96.0,0.0
447,446,24032.0,2.2734375,1325.15234375,392.7265625,19945.171875,21663.05078125,22706.84765625,94.48588405563414,2368.94921875,9.857478440204726,0.0,0.0,2766.0,3.0,3.0,93.0,0.0
448,447,24032.0,2.2734375,1330.69140625,392.7265625,19945.1796875,21668.59765625,22701.30859375,94.46283536014481,2363.40234375,9.83439723597703,0.0,0.0,2125.0,3.0,2.0,95.0,0.0
449,448,24032.0,2.2734375,1328.57421875,392.7265625,19945.22265625,21666.5234375,22703.42578125,94.47164522823735,2365.4765625,9.843028306008655,0.0,0.0,4058.0,3.0,2.0,94.0,0.0
450,449,24032.0,2.2734375,1326.265625,392.7265625,19945.234375,21664.2265625,22705.734375,94.48125156041944,2367.7734375,9.852585875083223,0.0,0.0,1965.0,6.0,2.0,92.0,0.0
451,450,24032.0,2.2734375,1325.1640625,392.7265625,19945.26953125,21663.16015625,22706.8359375,94.48583529252663,2368.83984375,9.857023317867842,0.0,0.0,2035.0,2.0,2.0,97.0,0.0
452,451,24032.0,2.2734375,1320.859375,392.7265625,19945.28515625,21658.87109375,22711.140625,94.50374760735686,2373.12890625,9.874870615221372,0.0,0.0,2585.0,3.0,3.0,93.0,0.0
453,452,24032.0,2.2734375,1321.48828125,392.7265625,19945.33203125,21659.546875,22710.51171875,94.50113065391977,2372.453125,9.872058609354193,0.0,0.0,1933.0,2.0,1.0,97.0,0.0
454,453,24032.0,2.2734375,1323.8515625,392.7265625,19945.34375,21661.921875,22708.1484375,94.49129676056924,2370.078125,9.862175952896138,0.0,0.0,2041.0,2.0,2.0,96.0,0.0
455,454,24032.0,2.2734375,1322.625,392.7265625,19945.38671875,21660.73828125,22709.375,94.49640063249002,2371.26171875,9.867101026755993,0.0,0.0,1917.0,2.0,2.0,96.0,0.0
456,455,24032.0,2.2734375,1320.95703125,392.7265625,19945.40234375,21659.0859375,22711.04296875,94.5033412481275,2372.9140625,9.873976624916777,0.0,0.0,1840.0,2.0,2.0,97.0,0.0
457,456,24032.0,2.2734375,1329.953125,392.7265625,19945.44921875,21668.12890625,22702.046875,94.46590743591877,2363.87109375,9.836347760277961,0.0,0.0,1955.0,2.0,2.0,95.0,0.0
458,457,24032.0,2.2734375,1326.51171875,392.7265625,19945.46484375,21664.703125,22705.48828125,94.48022753516145,2367.296875,9.85060284204394,0.0,0.0,2751.0,4.0,3.0,93.0,0.0
459,458,24032.0,2.2734375,1327.2578125,392.7265625,19945.4921875,21665.4765625,22704.7421875,94.47712295064915,2366.5234375,9.847384476947402,0.0,0.0,1978.0,2.0,2.0,96.0,0.0
460,459,24032.0,2.2734375,1327.75,392.7265625,19945.515625,21665.9921875,22704.25,94.47507490013317,2366.0078125,9.845238900216378,0.0,0.0,2018.0,3.0,2.0,95.0,0.0
461,460,24032.0,2.2734375,1330.4453125,392.7265625,19945.53515625,21668.70703125,22701.5546875,94.4638593854028,2363.29296875,9.833942113640147,0.0,0.0,1722.0,2.0,2.0,97.0,0.0
462,461,24032.0,2.2734375,1329.7109375,392.7265625,19945.5546875,21667.9921875,22702.2890625,94.46691520680758,2364.0078125,9.836916663199068,0.0,0.0,1958.0,2.0,2.0,96.0,0.0
463,462,24032.0,2.2734375,1327.33984375,392.7265625,19945.72265625,21665.7890625,22704.66015625,94.47678160889647,2366.2109375,9.846084127413448,0.0,0.0,2769.0,3.0,4.0,93.0,0.0
464,463,24032.0,2.2734375,1327.33984375,392.7265625,19945.734375,21665.80078125,22704.66015625,94.47678160889647,2366.19921875,9.846035364305926,0.0,0.0,2069.0,2.0,2.0,96.0,0.0
465,464,24032.0,2.2734375,1324.890625,392.7265625,19945.7734375,21663.390625,22707.109375,94.48697309836885,2368.609375,9.856064310086552,0.0,0.0,1985.0,3.0,2.0,95.0,0.0
466,465,24032.0,2.2734375,1327.21484375,392.7265625,19945.78125,21665.72265625,22704.78515625,94.47730174871005,2366.27734375,9.846360451689414,0.0,0.0,1916.0,2.0,2.0,96.0,0.0
467,466,24032.0,2.2734375,1325.0625,392.7265625,19945.8125,21663.6015625,22706.9375,94.48625790612518,2368.3984375,9.855186574151132,0.0,0.0,2094.0,3.0,2.0,95.0,0.0
468,467,24032.0,2.2734375,1319.16796875,392.7265625,19945.84375,21657.73828125,22712.83203125,94.51078574920939,2374.26171875,9.879584382281957,0.0,0.0,2657.0,3.0,4.0,93.0,0.0
469,468,24032.0,2.2734375,1324.53515625,392.7265625,19945.875,21663.13671875,22707.46484375,94.48845224596371,2368.86328125,9.857120844082889,0.0,0.0,4995.0,4.0,3.0,93.0,0.0
470,469,24032.0,2.2734375,1331.515625,392.7265625,19945.8984375,21670.140625,22700.484375,94.45940568824899,2361.859375,9.82797676015313,0.0,0.0,1967.0,2.0,2.0,96.0,0.0
471,470,24032.0,2.2734375,1327.51953125,392.7265625,19945.91796875,21666.1640625,22704.48046875,94.47603390791444,2365.8359375,9.844523707972703,0.0,0.0,2709.0,3.0,2.0,95.0,0.0
472,471,24032.0,2.2734375,1342.09375,392.7265625,19945.94921875,21680.76953125,22689.90625,94.41538885652463,2351.23046875,9.783748621629494,0.0,0.0,3827.0,4.0,3.0,94.0,0.0
473,472,24032.0,2.2734375,1333.9609375,392.7265625,19945.984375,21672.671875,22698.0390625,94.4492304531458,2359.328125,9.817443928928096,0.0,0.0,3062.0,4.0,3.0,93.0,0.0
474,473,24032.0,2.2734375,1343.15625,392.7265625,19946.02734375,21681.91015625,22688.84375,94.4109676681092,2350.08984375,9.779002345830559,0.0,0.0,4365.0,3.0,3.0,93.0,0.0
475,474,24032.0,2.2734375,1342.19921875,392.7265625,19946.05859375,21680.984375,22689.80078125,94.41494998855693,2351.015625,9.7828546313249,0.0,0.0,2173.0,2.0,2.0,96.0,0.0
476,475,24032.0,2.2734375,1342.19921875,392.7265625,19946.08984375,21681.015625,22689.80078125,94.41494998855693,2350.984375,9.782724596371505,0.0,0.0,1846.0,2.0,2.0,96.0,0.0
477,476,24032.0,2.2734375,1342.19921875,392.7265625,19946.11328125,21681.0390625,22689.80078125,94.41494998855693,2350.9609375,9.782627070156458,0.0,0.0,1591.0,6.0,2.0,92.0,0.0
478,477,24032.0,2.2734375,1341.46875,392.7265625,19946.12890625,21680.32421875,22690.53125,94.41798955559254,2351.67578125,9.78560161971538,0.0,0.0,1946.0,2.0,2.0,96.0,0.0
479,478,24032.0,2.2734375,1331.41796875,392.7265625,19946.16796875,21670.3125,22700.58203125,94.45981204747837,2361.6875,9.827261567909455,0.0,0.0,4943.0,4.0,4.0,91.0,0.0
480,479,24032.0,2.2734375,1331.171875,392.7265625,19946.17578125,21670.07421875,22700.828125,94.46083607273636,2361.92578125,9.828253084429095,0.0,0.0,2217.0,2.0,2.0,96.0,0.0
481,480,24032.0,2.2734375,1327.48046875,392.7265625,19946.21875,21666.42578125,22704.51953125,94.47619645160619,2365.57421875,9.843434665238016,0.0,0.0,2338.0,3.0,2.0,94.0,0.0
482,481,24032.0,2.2734375,1329.375,392.7265625,19946.23046875,21668.33203125,22702.625,94.46831308255659,2363.66796875,9.835502533080891,0.0,0.0,2009.0,3.0,2.0,95.0,0.0
483,482,24032.0,2.2734375,1326.671875,392.7265625,19946.265625,21665.6640625,22705.328125,94.4795611060253,2366.3359375,9.84660426722703,0.0,0.0,1878.0,2.0,2.0,96.0,0.0
484,483,24032.0,2.2734375,1324.04296875,392.7265625,19946.27734375,21663.046875,22707.95703125,94.4905002964797,2368.953125,9.857494694573901,0.0,0.0,2804.0,4.0,4.0,92.0,0.0
485,484,24032.0,2.2734375,1326.69921875,392.7265625,19946.30859375,21665.734375,22705.30078125,94.47944732544109,2366.265625,9.84631168858189,0.0,0.0,1946.0,3.0,2.0,95.0,0.0
486,485,24032.0,2.2734375,1324.2421875,392.7265625,19946.3203125,21663.2890625,22707.7578125,94.4896713236518,2368.7109375,9.856486923685088,0.0,0.0,2212.0,2.0,2.0,96.0,0.0
487,486,24032.0,2.2734375,1322.02734375,392.7265625,19946.36328125,21661.1171875,22709.97265625,94.49888755097369,2370.8828125,9.865524352946071,0.0,0.0,1953.0,2.0,2.0,96.0,0.0
488,487,24032.0,2.2734375,1329.19140625,392.7265625,19946.37109375,21668.2890625,22702.80859375,94.4690770379078,2363.7109375,9.835681331141812,0.0,0.0,1743.0,2.0,2.0,97.0,0.0
489,488,24032.0,2.2734375,1327.9765625,392.7265625,19946.40625,21667.109375,22704.0234375,94.47413214672103,2364.890625,9.84059015063249,0.0,0.0,3443.0,4.0,4.0,92.0,0.0
490,489,24032.0,2.2734375,1333.50390625,392.7265625,19946.41796875,21672.6484375,22698.49609375,94.45113221433921,2359.3515625,9.817541455143143,0.0,0.0,2322.0,2.0,2.0,95.0,0.0
491,490,24032.0,2.2734375,1332.51953125,392.7265625,19946.46484375,21671.7109375,22699.48046875,94.45522831537117,2360.2890625,9.821442503745006,0.0,0.0,2024.0,2.0,2.0,96.0,0.0
492,491,24032.0,2.2734375,1329.8125,392.7265625,19946.48046875,21669.01953125,22702.1875,94.46649259320905,2362.98046875,9.83264176410619,0.0,0.0,1796.0,2.0,2.0,96.0,0.0
493,492,24032.0,2.2734375,1336.0234375,392.7265625,19946.5234375,21675.2734375,22695.9765625,94.4406481462217,2356.7265625,9.806618519057924,0.0,0.0,2149.0,2.0,2.0,95.0,0.0
494,493,24032.0,2.2734375,1333.28515625,392.7265625,19946.55078125,21672.5625,22698.71484375,94.45204245901299,2359.4375,9.81789905126498,0.0,0.0,2409.0,3.0,3.0,93.0,0.0
495,494,24032.0,2.2734375,1331.625,392.7265625,19946.71875,21671.0703125,22700.375,94.45895056591212,2360.9296875,9.824108220289613,0.0,0.0,1310.0,2.0,2.0,97.0,0.0
496,495,24032.0,2.2734375,1329.65625,392.7265625,19946.7265625,21669.109375,22702.34375,94.46714276797603,2362.890625,9.83226791361518,0.0,0.0,1564.0,2.0,2.0,96.0,0.0
497,496,24032.0,2.2734375,1328.20703125,392.7265625,19946.7578125,21667.69140625,22703.79296875,94.47317313893974,2364.30859375,9.838168249625499,0.0,0.0,1541.0,2.0,2.0,95.0,0.0
498,497,24032.0,2.2734375,1336.3984375,392.7265625,19946.7734375,21675.8984375,22695.6015625,94.43908772678095,2356.1015625,9.804017819990014,0.0,0.0,1378.0,2.0,2.0,96.0,0.0
499,498,24032.0,2.2734375,1326.5390625,392.7265625,19946.80078125,21666.06640625,22705.4609375,94.48011375457723,2365.93359375,9.844930067202064,0.0,0.0,4699.0,3.0,3.0,94.0,0.0
