epoch,iso,cpu_pct,load1,mem_total_mib,mem_avail_mib,mem_used_mib,mem_used_pct,swap_used_mib,temp_max_c ,net_br0_rx_mbps,net_br0_tx_mbps,net_br0_total_mbps,net_br0_rx_pps,net_br0_tx_pps,net_br0_rx_errors_s,net_br0_tx_errors_s,net_br0_rx_drops_s,net_br0_tx_drops_s ,net_enp2s0_rx_mbps,net_enp2s0_tx_mbps,net_enp2s0_total_mbps,net_enp2s0_rx_pps,net_enp2s0_tx_pps,net_enp2s0_rx_errors_s,net_enp2s0_tx_errors_s,net_enp2s0_rx_drops_s,net_enp2s0_tx_drops_s ,net_enp1s0_rx_mbps,net_enp1s0_tx_mbps,net_enp1s0_total_mbps,net_enp1s0_rx_pps,net_enp1s0_tx_pps,net_enp1s0_rx_errors_s,net_enp1s0_tx_errors_s,net_enp1s0_rx_drops_s,net_enp1s0_tx_drops_s
1781799423.878696492,2026-06-18T16:17:03+00:00,1.235,0.17,7783.762,7259.098,524.664,6.740,0.000,49.00,0.088064,0.045696,0.133760,136.000000,56.000000,0.000000,0.000000,0.000000,0.000000,0.073216,0.077776,0.150992,110.000000,85.000000,0.000000,0.000000,0.000000,0.000000,0.031784,0.028144,0.059928,28.000000,56.000000,0.000000,0.000000,0.000000,0.000000
1781799425.065058186,2026-06-18T16:17:05+00:00,4.506,0.17,7783.762,7257.957,525.805,6.755,0.000,48.00,0.089408,0.050160,0.139568,143.000000,61.000000,0.000000,0.000000,0.000000,0.000000,0.076336,0.078064,0.154400,116.000000,87.000000,0.000000,0.000000,0.000000,0.000000,0.028160,0.026704,0.054864,27.000000,53.000000,0.000000,0.000000,0.000000,0.000000
1781799426.211215664,2026-06-18T16:17:06+00:00,3.712,0.17,7783.762,7255.363,528.398,6.788,0.000,47.00,0.063920,0.006096,0.070016,112.000000,7.000000,0.000000,0.000000,0.000000,0.000000,0.041648,0.039240,0.080888,74.000000,41.000000,0.000000,0.000000,0.000000,0.000000,0.034520,0.037520,0.072040,36.000000,71.000000,0.000000,0.000000,0.000000,0.000000
1781799427.409560273,2026-06-18T16:17:07+00:00,4.603,0.17,7783.762,7252.176,531.586,6.829,0.000,48.00,0.056096,0.001200,0.057296,92.000000,1.000000,0.000000,0.000000,0.000000,0.000000,0.033136,0.036384,0.069520,65.000000,32.000000,0.000000,0.000000,0.000000,0.000000,0.034664,0.030688,0.065352,31.000000,60.000000,0.000000,0.000000,0.000000,0.000000
1781799428.714387796,2026-06-18T16:17:08+00:00,6.977,0.16,7783.762,7253.668,530.094,6.810,0.000,49.00,0.053056,0.001200,0.054256,98.000000,1.000000,0.000000,0.000000,0.000000,0.000000,0.036832,0.033736,0.070568,69.000000,31.000000,0.000000,0.000000,0.000000,0.000000,0.032536,0.035296,0.067832,29.000000,66.000000,0.000000,0.000000,0.000000,0.000000
1781799429.871890231,2026-06-18T16:17:09+00:00,3.493,0.16,7783.762,7254.820,528.941,6.795,0.000,47.00,0.055368,0.001200,0.056568,85.000000,1.000000,0.000000,0.000000,0.000000,0.000000,0.029152,0.032464,0.061616,60.000000,28.000000,0.000000,0.000000,0.000000,0.000000,0.031784,0.032512,0.064296,28.000000,65.000000,0.000000,0.000000,0.000000,0.000000
1781799431.182263202,2026-06-18T16:17:11+00:00,6.154,0.16,7783.762,7255.184,528.578,6.791,0.000,47.00,0.053888,0.001200,0.055088,101.000000,1.000000,0.000000,0.000000,0.000000,0.000000,0.035648,0.033560,0.069208,69.000000,34.000000,0.000000,0.000000,0.000000,0.000000,0.033776,0.034256,0.068032,35.000000,68.000000,0.000000,0.000000,0.000000,0.000000
1781799432.340038892,2026-06-18T16:17:12+00:00,3.905,0.16,7783.762,7255.836,527.926,6.782,0.000,48.00,0.060416,0.001200,0.061616,106.000000,1.000000,0.000000,0.000000,0.000000,0.000000,0.037888,0.036496,0.074384,70.000000,34.000000,0.000000,0.000000,0.000000,0.000000,0.036744,0.036928,0.073672,33.000000,69.000000,0.000000,0.000000,0.000000,0.000000
1781799433.664364490,2026-06-18T16:17:13+00:00,6.654,0.14,7783.762,7255.141,528.621,6.791,0.000,48.00,0.057472,0.001200,0.058672,95.000000,1.000000,0.000000,0.000000,0.000000,0.000000,0.031648,0.032224,0.063872,63.000000,30.000000,0.000000,0.000000,0.000000,0.000000,0.027640,0.028096,0.055736,26.000000,57.000000,0.000000,0.000000,0.000000,0.000000
1781799434.822305530,2026-06-18T16:17:14+00:00,3.478,0.14,7783.762,7256.059,527.703,6.780,0.000,48.00,0.046760,0.001200,0.047960,88.000000,1.000000,0.000000,0.000000,0.000000,0.000000,0.032224,0.037360,0.069584,65.000000,32.000000,0.000000,0.000000,0.000000,0.000000,0.036672,0.033184,0.069856,33.000000,65.000000,0.000000,0.000000,0.000000,0.000000
1781799436.190900096,2026-06-18T16:17:16+00:00,7.394,0.14,7783.762,7257.223,526.539,6.765,0.000,49.00,0.060320,0.001200,0.061520,96.000000,1.000000,0.000000,0.000000,0.000000,0.000000,0.033728,0.034072,0.067800,66.000000,35.000000,0.000000,0.000000,0.000000,0.000000,0.032360,0.032240,0.064600,33.000000,65.000000,0.000000,0.000000,0.000000,0.000000
1781799437.336632012,2026-06-18T16:17:17+00:00,4.376,0.14,7783.762,7258.340,525.422,6.750,0.000,48.00,0.055944,0.001200,0.057144,101.000000,1.000000,0.000000,0.000000,0.000000,0.000000,0.031600,0.032880,0.064480,65.000000,31.000000,0.000000,0.000000,0.000000,0.000000,0.034736,0.031168,0.065904,31.000000,61.000000,0.000000,0.000000,0.000000,0.000000
1781799438.487882133,2026-06-18T16:17:18+00:00,3.736,0.13,7783.762,7259.305,524.457,6.738,0.000,48.00,0.056472,0.001200,0.057672,99.000000,1.000000,0.000000,0.000000,0.000000,0.000000,0.036096,0.035024,0.071120,68.000000,32.000000,0.000000,0.000000,0.000000,0.000000,0.030768,0.033552,0.064320,29.000000,67.000000,0.000000,0.000000,0.000000,0.000000
1781799439.770188735,2026-06-18T16:17:19+00:00,5.894,0.13,7783.762,7258.590,525.172,6.747,0.000,48.00,0.050072,0.001200,0.051272,85.000000,1.000000,0.000000,0.000000,0.000000,0.000000,0.028192,0.030720,0.058912,57.000000,29.000000,0.000000,0.000000,0.000000,0.000000,0.036416,0.031696,0.068112,31.000000,62.000000,0.000000,0.000000,0.000000,0.000000
1781799441.102208077,2026-06-18T16:17:21+00:00,6.981,0.13,7783.762,7257.871,525.891,6.756,0.000,48.00,0.060720,0.001200,0.061920,99.000000,1.000000,0.000000,0.000000,0.000000,0.000000,0.034120,0.036000,0.070120,64.000000,31.000000,0.000000,0.000000,0.000000,0.000000,0.027904,0.029560,0.057464,27.000000,56.000000,0.000000,0.000000,0.000000,0.000000
1781799442.265869509,2026-06-18T16:17:22+00:00,3.688,0.13,7783.762,7256.648,527.113,6.772,0.000,48.00,0.068768,0.001200,0.069968,116.000000,1.000000,0.000000,0.000000,0.000000,0.000000,0.050304,0.044472,0.094776,91.000000,41.000000,0.000000,0.000000,0.000000,0.000000,0.043792,0.051360,0.095152,42.000000,98.000000,0.000000,0.000000,0.000000,0.000000
1781799443.671851433,2026-06-18T16:17:23+00:00,7.527,0.12,7783.762,7256.113,527.648,6.779,0.000,48.00,0.070296,0.001200,0.071496,103.000000,1.000000,0.000000,0.000000,0.000000,0.000000,0.040952,0.031704,0.072656,63.000000,30.000000,0.000000,0.000000,0.000000,0.000000,0.030504,0.038408,0.068912,27.000000,54.000000,0.000000,0.000000,0.000000,0.000000
1781799444.828288015,2026-06-18T16:17:24+00:00,3.905,0.12,7783.762,7256.637,527.125,6.772,0.000,48.00,0.051536,0.001200,0.052736,88.000000,1.000000,0.000000,0.000000,0.000000,0.000000,0.032224,0.037880,0.070104,63.000000,32.000000,0.000000,0.000000,0.000000,0.000000,0.036160,0.031216,0.067376,31.000000,63.000000,0.000000,0.000000,0.000000,0.000000
1781799446.222512400,2026-06-18T16:17:26+00:00,7.971,0.12,7783.762,7258.016,525.746,6.754,0.000,49.00,0.057768,0.001200,0.058968,100.000000,1.000000,0.000000,0.000000,0.000000,0.000000,0.030800,0.033520,0.064320,61.000000,34.000000,0.000000,0.000000,0.000000,0.000000,0.032840,0.032288,0.065128,34.000000,62.000000,0.000000,0.000000,0.000000,0.000000
1781799447.378313018,2026-06-18T16:17:27+00:00,3.913,0.12,7783.762,7258.617,525.145,6.747,0.000,48.00,0.058152,0.001200,0.059352,100.000000,1.000000,0.000000,0.000000,0.000000,0.000000,0.033664,0.035976,0.069640,67.000000,33.000000,0.000000,0.000000,0.000000,0.000000,0.037640,0.033232,0.070872,34.000000,66.000000,0.000000,0.000000,0.000000,0.000000
1781799448.782940091,2026-06-18T16:17:28+00:00,7.928,0.11,7783.762,7258.102,525.660,6.753,0.000,49.00,0.054752,0.001200,0.055952,97.000000,1.000000,0.000000,0.000000,0.000000,0.000000,0.032704,0.033744,0.066448,64.000000,33.000000,0.000000,0.000000,0.000000,0.000000,0.031040,0.030160,0.061200,30.000000,60.000000,0.000000,0.000000,0.000000,0.000000
1781799449.934398859,2026-06-18T16:17:29+00:00,3.509,0.11,7783.762,7265.516,518.246,6.658,0.000,49.00,0.047960,0.001200,0.049160,81.000000,1.000000,0.000000,0.000000,0.000000,0.000000,0.027712,0.032944,0.060656,56.000000,29.000000,0.000000,0.000000,0.000000,0.000000,0.033720,0.030640,0.064360,30.000000,61.000000,0.000000,0.000000,0.000000,0.000000
1781799451.271082348,2026-06-18T16:17:31+00:00,6.415,0.11,7783.762,7264.539,519.223,6.671,0.000,48.00,0.061832,0.001200,0.063032,107.000000,1.000000,0.000000,0.000000,0.000000,0.000000,0.037232,0.037416,0.074648,73.000000,36.000000,0.000000,0.000000,0.000000,0.000000,0.034296,0.033728,0.068024,34.000000,67.000000,0.000000,0.000000,0.000000,0.000000
1781799452.438420150,2026-06-18T16:17:32+00:00,4.086,0.11,7783.762,7264.547,519.215,6.670,0.000,48.00,0.060152,0.001200,0.061352,106.000000,1.000000,0.000000,0.000000,0.000000,0.000000,0.038128,0.039880,0.078008,76.000000,37.000000,0.000000,0.000000,0.000000,0.000000,0.036744,0.035680,0.072424,35.000000,73.000000,0.000000,0.000000,0.000000,0.000000
1781799453.848052204,2026-06-18T16:17:33+00:00,7.871,0.10,7783.762,7262.844,520.918,6.692,0.000,49.00,0.055264,0.001200,0.056464,92.000000,1.000000,0.000000,0.000000,0.000000,0.000000,0.029680,0.032600,0.062280,58.000000,29.000000,0.000000,0.000000,0.000000,0.000000,0.035016,0.030688,0.065704,29.000000,60.000000,0.000000,0.000000,0.000000,0.000000
1781799455.218169629,2026-06-18T16:17:35+00:00,7.919,0.10,7783.762,7262.613,521.148,6.695,0.000,48.00,0.063376,0.001200,0.064576,108.000000,1.000000,0.000000,0.000000,0.000000,0.000000,0.038432,0.037280,0.075712,72.000000,35.000000,0.000000,0.000000,0.000000,0.000000,0.033240,0.036896,0.070136,33.000000,68.000000,0.000000,0.000000,0.000000,0.000000
1781799456.385818237,2026-06-18T16:17:36+00:00,4.526,0.10,7783.762,7262.758,521.004,6.693,0.000,48.00,0.051528,0.001200,0.052728,93.000000,1.000000,0.000000,0.000000,0.000000,0.000000,0.034288,0.036616,0.070904,69.000000,35.000000,0.000000,0.000000,0.000000,0.000000,0.034640,0.033232,0.067872,33.000000,66.000000,0.000000,0.000000,0.000000,0.000000
1781799457.547816811,2026-06-18T16:17:37+00:00,3.905,0.10,7783.762,7262.516,521.246,6.697,0.000,48.00,0.052560,0.001200,0.053760,88.000000,1.000000,0.000000,0.000000,0.000000,0.000000,0.027568,0.028720,0.056288,53.000000,26.000000,0.000000,0.000000,0.000000,0.000000,0.030904,0.029152,0.060056,28.000000,58.000000,0.000000,0.000000,0.000000,0.000000
1781799458.790757736,2026-06-18T16:17:38+00:00,5.466,0.09,7783.762,7262.316,521.445,6.699,0.000,48.00,0.057008,0.001200,0.058208,98.000000,1.000000,0.000000,0.000000,0.000000,0.000000,0.035920,0.033264,0.069184,67.000000,32.000000,0.000000,0.000000,0.000000,0.000000,0.028680,0.032416,0.061096,29.000000,61.000000,0.000000,0.000000,0.000000,0.000000
1781799459.936155423,2026-06-18T16:17:39+00:00,3.493,0.09,7783.762,7262.332,521.430,6.699,0.000,49.00,0.047960,0.001200,0.049160,79.000000,1.000000,0.000000,0.000000,0.000000,0.000000,0.026704,0.031304,0.058008,54.000000,27.000000,0.000000,0.000000,0.000000,0.000000,0.033720,0.029680,0.063400,28.000000,58.000000,0.000000,0.000000,0.000000,0.000000
1781799461.299086240,2026-06-18T16:17:41+00:00,7.037,0.09,7783.762,7262.340,521.422,6.699,0.000,48.00,0.061536,0.001200,0.062736,103.000000,1.000000,0.000000,0.000000,0.000000,0.000000,0.038000,0.037280,0.075280,70.000000,36.000000,0.000000,0.000000,0.000000,0.000000,0.033760,0.035456,0.069216,33.000000,66.000000,0.000000,0.000000,0.000000,0.000000
1781799462.452642695,2026-06-18T16:17:42+00:00,3.486,0.09,7783.762,7260.625,523.137,6.721,0.000,48.00,0.060080,0.001200,0.061280,108.000000,1.000000,0.000000,0.000000,0.000000,0.000000,0.037552,0.036616,0.074168,74.000000,34.000000,0.000000,0.000000,0.000000,0.000000,0.035296,0.035104,0.070400,33.000000,70.000000,0.000000,0.000000,0.000000,0.000000
1781799463.705178814,2026-06-18T16:17:43+00:00,5.835,0.09,7783.762,7259.156,524.605,6.740,0.000,48.00,0.050512,0.001200,0.051712,85.000000,1.000000,0.000000,0.000000,0.000000,0.000000,0.028720,0.032104,0.060824,57.000000,29.000000,0.000000,0.000000,0.000000,0.000000,0.031024,0.029200,0.060224,29.000000,58.000000,0.000000,0.000000,0.000000,0.000000
1781799464.991639052,2026-06-18T16:17:44+00:00,6.445,0.09,7783.762,7258.586,525.176,6.747,0.000,49.00,0.053352,0.001200,0.054552,92.000000,1.000000,0.000000,0.000000,0.000000,0.000000,0.030256,0.034120,0.064376,60.000000,32.000000,0.000000,0.000000,0.000000,0.000000,0.031624,0.027712,0.059336,29.000000,55.000000,0.000000,0.000000,0.000000,0.000000
1781799466.145685764,2026-06-18T16:17:46+00:00,3.947,0.09,7783.762,7257.926,525.836,6.756,0.000,49.00,0.050256,0.001200,0.051456,84.000000,1.000000,0.000000,0.000000,0.000000,0.000000,0.029312,0.034536,0.063848,59.000000,33.000000,0.000000,0.000000,0.000000,0.000000,0.037040,0.032768,0.069808,36.000000,65.000000,0.000000,0.000000,0.000000,0.000000
1781799467.447219194,2026-06-18T16:17:47+00:00,6.190,0.09,7783.762,7258.098,525.664,6.753,0.000,49.00,0.061800,0.001200,0.063000,108.000000,1.000000,0.000000,0.000000,0.000000,0.000000,0.035152,0.038240,0.073392,69.000000,35.000000,0.000000,0.000000,0.000000,0.000000,0.034376,0.031744,0.066120,32.000000,63.000000,0.000000,0.000000,0.000000,0.000000
1781799468.595307006,2026-06-18T16:17:48+00:00,3.501,0.08,7783.762,7257.129,526.633,6.766,0.000,48.00,0.050576,0.001536,0.052112,90.000000,2.000000,0.000000,0.000000,0.000000,0.000000,0.030208,0.031616,0.061824,59.000000,32.000000,0.000000,0.000000,0.000000,0.000000,0.029560,0.029200,0.058760,30.000000,58.000000,0.000000,0.000000,0.000000,0.000000
1781799469.745274149,2026-06-18T16:17:49+00:00,3.501,0.08,7783.762,7258.516,525.246,6.748,0.000,48.00,0.049360,0.001200,0.050560,85.000000,1.000000,0.000000,0.000000,0.000000,0.000000,0.027232,0.032848,0.060080,54.000000,32.000000,0.000000,0.000000,0.000000,0.000000,0.031904,0.025696,0.057600,30.000000,51.000000,0.000000,0.000000,0.000000,0.000000
1781799470.915292462,2026-06-18T16:17:50+00:00,3.863,0.08,7783.762,7258.609,525.152,6.747,0.000,49.00,0.053352,0.001200,0.054552,92.000000,1.000000,0.000000,0.000000,0.000000,0.000000,0.031216,0.033640,0.064856,62.000000,31.000000,0.000000,0.000000,0.000000,0.000000,0.035280,0.032176,0.067456,31.000000,64.000000,0.000000,0.000000,0.000000,0.000000
1781799472.300237544,2026-06-18T16:17:52+00:00,7.286,0.08,7783.762,7258.859,524.902,6.744,0.000,49.00,0.061272,0.001200,0.062472,108.000000,1.000000,0.000000,0.000000,0.000000,0.000000,0.050384,0.037280,0.087664,80.000000,35.000000,0.000000,0.000000,0.000000,0.000000,0.032464,0.046448,0.078912,32.000000,73.000000,0.000000,0.000000,0.000000,0.000000
1781799473.455373107,2026-06-18T16:17:53+00:00,4.575,0.07,7783.762,7258.836,524.926,6.744,0.000,49.00,0.071688,0.001200,0.072888,96.000000,1.000000,0.000000,0.000000,0.000000,0.000000,0.036840,0.038568,0.075408,65.000000,33.000000,0.000000,0.000000,0.000000,0.000000,0.037888,0.037320,0.075208,33.000000,67.000000,0.000000,0.000000,0.000000,0.000000
1781799474.610895785,2026-06-18T16:17:54+00:00,3.720,0.07,7783.762,7259.672,524.090,6.733,0.000,50.00,0.052008,0.001200,0.053208,95.000000,1.000000,0.000000,0.000000,0.000000,0.000000,0.031168,0.030800,0.061968,62.000000,30.000000,0.000000,0.000000,0.000000,0.000000,0.029600,0.030640,0.060240,29.000000,60.000000,0.000000,0.000000,0.000000,0.000000
1781799475.769336799,2026-06-18T16:17:55+00:00,3.478,0.07,7783.762,7259.641,524.121,6.734,0.000,48.00,0.050472,0.001200,0.051672,86.000000,1.000000,0.000000,0.000000,0.000000,0.000000,0.031744,0.035984,0.067728,63.000000,32.000000,0.000000,0.000000,0.000000,0.000000,0.034776,0.033088,0.067864,31.000000,66.000000,0.000000,0.000000,0.000000,0.000000
1781799477.157607545,2026-06-18T16:17:57+00:00,7.790,0.07,7783.762,7259.570,524.191,6.734,0.000,48.00,0.061520,0.001200,0.062720,103.000000,1.000000,0.000000,0.000000,0.000000,0.000000,0.032560,0.034112,0.066672,64.000000,31.000000,0.000000,0.000000,0.000000,0.000000,0.033856,0.031280,0.065136,32.000000,62.000000,0.000000,0.000000,0.000000,0.000000
1781799478.307913261,2026-06-18T16:17:58+00:00,3.501,0.07,7783.762,7259.488,524.273,6.735,0.000,49.00,0.051880,0.001200,0.053080,93.000000,1.000000,0.000000,0.000000,0.000000,0.000000,0.032768,0.036024,0.068792,65.000000,34.000000,0.000000,0.000000,0.000000,0.000000,0.035440,0.033712,0.069152,34.000000,67.000000,0.000000,0.000000,0.000000,0.000000
1781799479.674264795,2026-06-18T16:17:59+00:00,7.182,0.15,7783.762,7257.449,526.312,6.762,0.000,48.00,0.059304,0.001200,0.060504,103.000000,1.000000,0.000000,0.000000,0.000000,0.000000,0.035248,0.036376,0.071624,70.000000,35.000000,0.000000,0.000000,0.000000,0.000000,0.033880,0.031216,0.065096,31.000000,62.000000,0.000000,0.000000,0.000000,0.000000
1781799481.005676892,2026-06-18T16:18:01+00:00,6.452,0.15,7783.762,7255.699,528.062,6.784,0.000,48.00,0.059032,0.001200,0.060232,102.000000,1.000000,0.000000,0.000000,0.000000,0.000000,0.032656,0.034120,0.066776,65.000000,32.000000,0.000000,0.000000,0.000000,0.000000,0.032144,0.031120,0.063264,30.000000,62.000000,0.000000,0.000000,0.000000,0.000000
1781799482.202214792,2026-06-18T16:18:02+00:00,5.042,0.15,7783.762,7255.609,528.152,6.785,0.000,48.00,0.048184,0.001200,0.049384,83.000000,1.000000,0.000000,0.000000,0.000000,0.000000,0.033200,0.036240,0.069440,65.000000,34.000000,0.000000,0.000000,0.000000,0.000000,0.036080,0.033248,0.069328,34.000000,66.000000,0.000000,0.000000,0.000000,0.000000
1781799483.363236959,2026-06-18T16:18:03+00:00,4.329,0.15,7783.762,7256.055,527.707,6.780,0.000,49.00,0.053952,0.001200,0.055152,93.000000,1.000000,0.000000,0.000000,0.000000,0.000000,0.028672,0.032344,0.061016,57.000000,28.000000,0.000000,0.000000,0.000000,0.000000,0.030104,0.027136,0.057240,26.000000,54.000000,0.000000,0.000000,0.000000,0.000000
1781799484.543663477,2026-06-18T16:18:04+00:00,4.086,0.22,7783.762,7255.902,527.859,6.782,0.000,48.00,0.057840,0.001200,0.059040,99.000000,1.000000,0.000000,0.000000,0.000000,0.000000,0.035968,0.032856,0.068824,68.000000,33.000000,0.000000,0.000000,0.000000,0.000000,0.033352,0.037456,0.070808,34.000000,70.000000,0.000000,0.000000,0.000000,0.000000
1781799485.884646118,2026-06-18T16:18:05+00:00,6.929,0.22,7783.762,7255.184,528.578,6.791,0.000,48.00,0.060088,0.001200,0.061288,99.000000,1.000000,0.000000,0.000000,0.000000,0.000000,0.031264,0.037120,0.068384,61.000000,33.000000,0.000000,0.000000,0.000000,0.000000,0.034224,0.030688,0.064912,31.000000,61.000000,0.000000,0.000000,0.000000,0.000000
1781799487.082200350,2026-06-18T16:18:07+00:00,4.017,0.22,7783.762,7253.391,530.371,6.814,0.000,49.00,0.049792,0.001200,0.050992,85.000000,1.000000,0.000000,0.000000,0.000000,0.000000,0.032848,0.031560,0.064408,64.000000,31.000000,0.000000,0.000000,0.000000,0.000000,0.036600,0.035024,0.071624,34.000000,65.000000,0.000000,0.000000,0.000000,0.000000
1781799488.457088884,2026-06-18T16:18:08+00:00,7.326,0.20,7783.762,7249.129,534.633,6.869,0.000,48.00,0.064384,0.001200,0.065584,109.000000,1.000000,0.000000,0.000000,0.000000,0.000000,0.036704,0.038584,0.075288,70.000000,34.000000,0.000000,0.000000,0.000000,0.000000,0.031920,0.031120,0.063040,29.000000,62.000000,0.000000,0.000000,0.000000,0.000000
1781799489.681258400,2026-06-18T16:18:09+00:00,4.713,0.20,7783.762,7251.957,531.805,6.832,0.000,49.00,0.052640,0.001200,0.053840,93.000000,1.000000,0.000000,0.000000,0.000000,0.000000,0.034288,0.036376,0.070664,67.000000,35.000000,0.000000,0.000000,0.000000,0.000000,0.038936,0.035296,0.074232,36.000000,73.000000,0.000000,0.000000,0.000000,0.000000
1781799491.076694781,2026-06-18T16:18:11+00:00,7.957,0.20,7783.762,7254.387,529.375,6.801,0.000,49.00,0.062480,0.001200,0.063680,105.000000,1.000000,0.000000,0.000000,0.000000,0.000000,0.034912,0.033640,0.068552,65.000000,31.000000,0.000000,0.000000,0.000000,0.000000,0.027904,0.031840,0.059744,27.000000,56.000000,0.000000,0.000000,0.000000,0.000000
1781799492.245071291,2026-06-18T16:18:12+00:00,4.113,0.20,7783.762,7255.004,528.758,6.793,0.000,48.00,0.055792,0.001200,0.056992,94.000000,1.000000,0.000000,0.000000,0.000000,0.000000,0.033680,0.036760,0.070440,66.000000,34.000000,0.000000,0.000000,0.000000,0.000000,0.036080,0.033728,0.069808,34.000000,67.000000,0.000000,0.000000,0.000000,0.000000
1781799493.414329205,2026-06-18T16:18:13+00:00,4.283,0.26,7783.762,7256.801,526.961,6.770,0.000,48.00,0.046392,0.001200,0.047592,84.000000,1.000000,0.000000,0.000000,0.000000,0.000000,0.027712,0.032304,0.060016,55.000000,29.000000,0.000000,0.000000,0.000000,0.000000,0.030584,0.026704,0.057288,28.000000,54.000000,0.000000,0.000000,0.000000,0.000000
1781799494.677829933,2026-06-18T16:18:14+00:00,5.422,0.26,7783.762,7256.953,526.809,6.768,0.000,48.00,0.059984,0.001200,0.061184,105.000000,1.000000,0.000000,0.000000,0.000000,0.000000,0.036112,0.033336,0.069448,72.000000,34.000000,0.000000,0.000000,0.000000,0.000000,0.033312,0.035584,0.068896,33.000000,70.000000,0.000000,0.000000,0.000000,0.000000
1781799495.825939597,2026-06-18T16:18:15+00:00,3.720,0.26,7783.762,7257.023,526.738,6.767,0.000,49.00,0.049848,0.001200,0.051048,86.000000,1.000000,0.000000,0.000000,0.000000,0.000000,0.030256,0.035864,0.066120,60.000000,31.000000,0.000000,0.000000,0.000000,0.000000,0.034264,0.031648,0.065912,30.000000,63.000000,0.000000,0.000000,0.000000,0.000000
1781799497.078517907,2026-06-18T16:18:17+00:00,5.812,0.26,7783.762,7256.785,526.977,6.770,0.000,49.00,0.054800,0.001200,0.056000,94.000000,1.000000,0.000000,0.000000,0.000000,0.000000,0.030592,0.029880,0.060472,62.000000,30.000000,0.000000,0.000000,0.000000,0.000000,0.036080,0.032768,0.068848,34.000000,65.000000,0.000000,0.000000,0.000000,0.000000
1781799498.462977418,2026-06-18T16:18:18+00:00,7.468,0.24,7783.762,7257.039,526.723,6.767,0.000,48.00,0.066224,0.001200,0.067424,114.000000,1.000000,0.000000,0.000000,0.000000,0.000000,0.039632,0.041040,0.080672,77.000000,36.000000,0.000000,0.000000,0.000000,0.000000,0.032960,0.034576,0.067536,31.000000,70.000000,0.000000,0.000000,0.000000,0.000000
1781799499.798218261,2026-06-18T16:18:19+00:00,6.616,0.24,7783.762,7257.051,526.711,6.767,0.000,48.00,0.053744,0.001200,0.054944,96.000000,1.000000,0.000000,0.000000,0.000000,0.000000,0.032752,0.033992,0.066744,65.000000,34.000000,0.000000,0.000000,0.000000,0.000000,0.034360,0.032224,0.066584,33.000000,63.000000,0.000000,0.000000,0.000000,0.000000
1781799500.956958717,2026-06-18T16:18:20+00:00,4.762,0.24,7783.762,7256.094,527.668,6.779,0.000,48.00,0.058632,0.001200,0.059832,98.000000,1.000000,0.000000,0.000000,0.000000,0.000000,0.035080,0.035984,0.071064,67.000000,32.000000,0.000000,0.000000,0.000000,0.000000,0.032440,0.033544,0.065984,30.000000,64.000000,0.000000,0.000000,0.000000,0.000000
1781799502.116065831,2026-06-18T16:18:22+00:00,3.913,0.24,7783.762,7255.371,528.391,6.788,0.000,48.00,0.047336,0.001200,0.048536,84.000000,1.000000,0.000000,0.000000,0.000000,0.000000,0.030928,0.028064,0.058992,61.000000,26.000000,0.000000,0.000000,0.000000,0.000000,0.035560,0.037928,0.073488,33.000000,71.000000,0.000000,0.000000,0.000000,0.000000
1781799503.436412880,2026-06-18T16:18:23+00:00,6.130,0.30,7783.762,7254.898,528.863,6.794,0.000,49.00,0.085224,0.001200,0.086424,119.000000,1.000000,0.000000,0.000000,0.000000,0.000000,0.053272,0.044560,0.097832,78.000000,38.000000,0.000000,0.000000,0.000000,0.000000,0.034144,0.044256,0.078400,28.000000,65.000000,0.000000,0.000000,0.000000,0.000000
1781799504.597099369,2026-06-18T16:18:24+00:00,3.905,0.30,7783.762,7255.355,528.406,6.789,0.000,49.00,0.047792,0.001200,0.048992,85.000000,1.000000,0.000000,0.000000,0.000000,0.000000,0.032176,0.031816,0.063992,64.000000,31.000000,0.000000,0.000000,0.000000,0.000000,0.032832,0.033712,0.066544,33.000000,69.000000,0.000000,0.000000,0.000000,0.000000
1781799505.963116777,2026-06-18T16:18:25+00:00,7.169,0.30,7783.762,7258.484,525.277,6.748,0.000,49.00,0.063568,0.001200,0.064768,110.000000,1.000000,0.000000,0.000000,0.000000,0.000000,0.034192,0.037416,0.071608,68.000000,34.000000,0.000000,0.000000,0.000000,0.000000,0.034776,0.031648,0.066424,31.000000,61.000000,0.000000,0.000000,0.000000,0.000000
1781799507.118125896,2026-06-18T16:18:27+00:00,3.704,0.30,7783.762,7260.547,523.215,6.722,0.000,48.00,0.047880,0.001200,0.049080,85.000000,1.000000,0.000000,0.000000,0.000000,0.000000,0.031712,0.033040,0.064752,64.000000,33.000000,0.000000,0.000000,0.000000,0.000000,0.034680,0.032240,0.066920,33.000000,64.000000,0.000000,0.000000,0.000000,0.000000
1781799508.486888012,2026-06-18T16:18:28+00:00,7.339,0.28,7783.762,7261.566,522.195,6.709,0.000,48.00,0.064016,0.001200,0.065216,108.000000,1.000000,0.000000,0.000000,0.000000,0.000000,0.034672,0.038360,0.073032,67.000000,34.000000,0.000000,0.000000,0.000000,0.000000,0.033544,0.031168,0.064712,31.000000,62.000000,0.000000,0.000000,0.000000,0.000000
1781799509.641630017,2026-06-18T16:18:29+00:00,3.930,0.28,7783.762,7261.184,522.578,6.714,0.000,48.00,0.045040,0.001536,0.046576,78.000000,2.000000,0.000000,0.000000,0.000000,0.000000,0.026704,0.029176,0.055880,53.000000,28.000000,0.000000,0.000000,0.000000,0.000000,0.027640,0.026224,0.053864,26.000000,52.000000,0.000000,0.000000,0.000000,0.000000
1781799510.805933926,2026-06-18T16:18:30+00:00,4.130,0.28,7783.762,7259.273,524.488,6.738,0.000,47.00,0.054304,0.001200,0.055504,100.000000,1.000000,0.000000,0.000000,0.000000,0.000000,0.033136,0.032040,0.065176,66.000000,32.000000,0.000000,0.000000,0.000000,0.000000,0.032536,0.034096,0.066632,33.000000,68.000000,0.000000,0.000000,0.000000,0.000000
1781799511.952974757,2026-06-18T16:18:31+00:00,3.720,0.28,7783.762,7259.637,524.125,6.734,0.000,48.00,0.056312,0.001200,0.057512,94.000000,1.000000,0.000000,0.000000,0.000000,0.000000,0.035584,0.037160,0.072744,70.000000,33.000000,0.000000,0.000000,0.000000,0.000000,0.034264,0.032128,0.066392,30.000000,65.000000,0.000000,0.000000,0.000000,0.000000
1781799513.375397291,2026-06-18T16:18:33+00:00,8.333,0.28,7783.762,7260.145,523.617,6.727,0.000,48.00,0.057048,0.001200,0.058248,98.000000,1.000000,0.000000,0.000000,0.000000,0.000000,0.033056,0.035360,0.068416,61.000000,33.000000,0.000000,0.000000,0.000000,0.000000,0.038440,0.035072,0.073512,35.000000,64.000000,0.000000,0.000000,0.000000,0.000000
1781799514.549440191,2026-06-18T16:18:34+00:00,4.069,0.34,7783.762,7261.480,522.281,6.710,0.000,48.00,0.054664,0.001200,0.055864,91.000000,1.000000,0.000000,0.000000,0.000000,0.000000,0.030736,0.034264,0.065000,62.000000,31.000000,0.000000,0.000000,0.000000,0.000000,0.030080,0.030160,0.060240,29.000000,60.000000,0.000000,0.000000,0.000000,0.000000
1781799515.867872275,2026-06-18T16:18:35+00:00,6.322,0.34,7783.762,7263.699,520.062,6.681,0.000,49.00,0.062112,0.001200,0.063312,108.000000,1.000000,0.000000,0.000000,0.000000,0.000000,0.039664,0.040136,0.079800,78.000000,37.000000,0.000000,0.000000,0.000000,0.000000,0.038416,0.037648,0.076064,35.000000,75.000000,0.000000,0.000000,0.000000,0.000000
1781799517.264696178,2026-06-18T16:18:37+00:00,7.734,0.34,7783.762,7264.293,519.469,6.674,0.000,48.00,0.060928,0.001200,0.062128,105.000000,1.000000,0.000000,0.000000,0.000000,0.000000,0.034928,0.033552,0.068480,64.000000,34.000000,0.000000,0.000000,0.000000,0.000000,0.032736,0.033488,0.066224,33.000000,62.000000,0.000000,0.000000,0.000000,0.000000
1781799518.434546264,2026-06-18T16:18:38+00:00,4.721,0.47,7783.762,7265.270,518.492,6.661,0.000,48.00,0.052640,0.001200,0.053840,90.000000,1.000000,0.000000,0.000000,0.000000,0.000000,0.032272,0.037880,0.070152,65.000000,33.000000,0.000000,0.000000,0.000000,0.000000,0.035520,0.032176,0.067696,31.000000,64.000000,0.000000,0.000000,0.000000,0.000000
1781799519.589206242,2026-06-18T16:18:39+00:00,3.720,0.47,7783.762,7264.301,519.461,6.674,0.000,48.00,0.053248,0.001200,0.054448,86.000000,1.000000,0.000000,0.000000,0.000000,0.000000,0.029824,0.028024,0.057848,54.000000,26.000000,0.000000,0.000000,0.000000,0.000000,0.026824,0.027856,0.054680,25.000000,51.000000,0.000000,0.000000,0.000000,0.000000
1781799520.748133749,2026-06-18T16:18:40+00:00,3.704,0.47,7783.762,7263.816,519.945,6.680,0.000,48.00,0.049400,0.001200,0.050600,91.000000,1.000000,0.000000,0.000000,0.000000,0.000000,0.034192,0.032856,0.067048,68.000000,33.000000,0.000000,0.000000,0.000000,0.000000,0.039200,0.039664,0.078864,37.000000,79.000000,0.000000,0.000000,0.000000,0.000000
1781799522.133714668,2026-06-18T16:18:42+00:00,7.609,0.47,7783.762,7263.086,520.676,6.689,0.000,49.00,0.066096,0.001200,0.067296,113.000000,1.000000,0.000000,0.000000,0.000000,0.000000,0.038496,0.036640,0.075136,76.000000,33.000000,0.000000,0.000000,0.000000,0.000000,0.028416,0.031536,0.059952,27.000000,62.000000,0.000000,0.000000,0.000000,0.000000
1781799523.285542109,2026-06-18T16:18:43+00:00,3.712,0.47,7783.762,7261.637,522.125,6.708,0.000,49.00,0.050776,0.001200,0.051976,90.000000,1.000000,0.000000,0.000000,0.000000,0.000000,0.031808,0.037280,0.069088,64.000000,36.000000,0.000000,0.000000,0.000000,0.000000,0.039840,0.034304,0.074144,36.000000,68.000000,0.000000,0.000000,0.000000,0.000000
1781799524.693837897,2026-06-18T16:18:44+00:00,7.885,0.43,7783.762,7260.582,523.180,6.721,0.000,48.00,0.060040,0.001200,0.061240,101.000000,1.000000,0.000000,0.000000,0.000000,0.000000,0.031168,0.033824,0.064992,61.000000,30.000000,0.000000,0.000000,0.000000,0.000000,0.029640,0.029152,0.058792,30.000000,58.000000,0.000000,0.000000,0.000000,0.000000
1781799525.846659671,2026-06-18T16:18:45+00:00,3.688,0.43,7783.762,7261.281,522.480,6.712,0.000,48.00,0.049968,0.001200,0.051168,88.000000,1.000000,0.000000,0.000000,0.000000,0.000000,0.032272,0.035576,0.067848,65.000000,33.000000,0.000000,0.000000,0.000000,0.000000,0.037640,0.035200,0.072840,34.000000,70.000000,0.000000,0.000000,0.000000,0.000000
1781799527.179704189,2026-06-18T16:18:47+00:00,6.641,0.43,7783.762,7260.949,522.812,6.717,0.000,48.00,0.060600,0.001200,0.061800,104.000000,1.000000,0.000000,0.000000,0.000000,0.000000,0.034624,0.034440,0.069064,66.000000,33.000000,0.000000,0.000000,0.000000,0.000000,0.031840,0.030752,0.062592,32.000000,61.000000,0.000000,0.000000,0.000000,0.000000
1781799528.475056805,2026-06-18T16:18:48+00:00,7.018,0.40,7783.762,7261.457,522.305,6.710,0.000,48.00,0.063280,0.001200,0.064480,106.000000,1.000000,0.000000,0.000000,0.000000,0.000000,0.035264,0.040520,0.075784,70.000000,36.000000,0.000000,0.000000,0.000000,0.000000,0.036680,0.032704,0.069384,32.000000,65.000000,0.000000,0.000000,0.000000,0.000000
1781799529.625149708,2026-06-18T16:18:49+00:00,3.516,0.40,7783.762,7260.555,523.207,6.722,0.000,48.00,0.046256,0.001200,0.047456,82.000000,1.000000,0.000000,0.000000,0.000000,0.000000,0.026656,0.029984,0.056640,53.000000,30.000000,0.000000,0.000000,0.000000,0.000000,0.028264,0.025120,0.053384,28.000000,50.000000,0.000000,0.000000,0.000000,0.000000
1781799530.793801743,2026-06-18T16:18:50+00:00,4.283,0.40,7783.762,7259.449,524.312,6.736,0.000,48.00,0.048984,0.001200,0.050184,88.000000,1.000000,0.000000,0.000000,0.000000,0.000000,0.029248,0.030360,0.059608,58.000000,30.000000,0.000000,0.000000,0.000000,0.000000,0.031096,0.030736,0.061832,31.000000,61.000000,0.000000,0.000000,0.000000,0.000000
1781799531.948600049,2026-06-18T16:18:51+00:00,3.509,0.40,7783.762,7259.539,524.223,6.735,0.000,48.00,0.055464,0.001200,0.056664,96.000000,1.000000,0.000000,0.000000,0.000000,0.000000,0.035536,0.035456,0.070992,71.000000,33.000000,0.000000,0.000000,0.000000,0.000000,0.035704,0.034576,0.070280,32.000000,69.000000,0.000000,0.000000,0.000000,0.000000
1781799533.254900149,2026-06-18T16:18:53+00:00,6.526,0.40,7783.762,7259.547,524.215,6.735,0.000,48.00,0.077984,0.001200,0.079184,114.000000,1.000000,0.000000,0.000000,0.000000,0.000000,0.050776,0.039944,0.090720,72.000000,36.000000,0.000000,0.000000,0.000000,0.000000,0.035360,0.047752,0.083112,33.000000,67.000000,0.000000,0.000000,0.000000,0.000000
1781799534.424506638,2026-06-18T16:18:54+00:00,3.863,0.36,7783.762,7259.555,524.207,6.735,0.000,48.00,0.047200,0.001200,0.048400,80.000000,1.000000,0.000000,0.000000,0.000000,0.000000,0.031264,0.037360,0.068624,62.000000,32.000000,0.000000,0.000000,0.000000,0.000000,0.036680,0.031744,0.068424,32.000000,64.000000,0.000000,0.000000,0.000000,0.000000
1781799535.782408923,2026-06-18T16:18:55+00:00,6.865,0.36,7783.762,7258.832,524.930,6.744,0.000,49.00,0.056600,0.001200,0.057800,93.000000,1.000000,0.000000,0.000000,0.000000,0.000000,0.028192,0.029360,0.057552,56.000000,28.000000,0.000000,0.000000,0.000000,0.000000,0.031976,0.031216,0.063192,31.000000,61.000000,0.000000,0.000000,0.000000,0.000000
1781799537.070686998,2026-06-18T16:18:57+00:00,6.823,0.36,7783.762,7257.859,525.902,6.756,0.000,49.00,0.064032,0.001200,0.065232,109.000000,1.000000,0.000000,0.000000,0.000000,0.000000,0.037696,0.039880,0.077576,74.000000,37.000000,0.000000,0.000000,0.000000,0.000000,0.034344,0.031696,0.066040,31.000000,63.000000,0.000000,0.000000,0.000000,0.000000
1781799538.226480547,2026-06-18T16:18:58+00:00,3.704,0.36,7783.762,7257.402,526.359,6.762,0.000,48.00,0.045384,0.001200,0.046584,78.000000,1.000000,0.000000,0.000000,0.000000,0.000000,0.030320,0.033040,0.063360,61.000000,33.000000,0.000000,0.000000,0.000000,0.000000,0.031840,0.030752,0.062592,32.000000,61.000000,0.000000,0.000000,0.000000,0.000000
1781799539.552357547,2026-06-18T16:18:59+00:00,6.298,0.50,7783.762,7258.059,525.703,6.754,0.000,48.00,0.063312,0.001200,0.064512,106.000000,1.000000,0.000000,0.000000,0.000000,0.000000,0.030736,0.037352,0.068088,60.000000,32.000000,0.000000,0.000000,0.000000,0.000000,0.036152,0.029248,0.065400,31.000000,58.000000,0.000000,0.000000,0.000000,0.000000
1781799540.707363380,2026-06-18T16:19:00+00:00,3.712,0.50,7783.762,7257.477,526.285,6.761,0.000,48.00,0.047168,0.001200,0.048368,84.000000,1.000000,0.000000,0.000000,0.000000,0.000000,0.029680,0.029880,0.059560,59.000000,29.000000,0.000000,0.000000,0.000000,0.000000,0.033736,0.032704,0.066440,32.000000,67.000000,0.000000,0.000000,0.000000,0.000000
1781799542.101561391,2026-06-18T16:19:02+00:00,7.581,0.50,7783.762,7255.762,528.000,6.783,0.000,48.00,0.064248,0.001200,0.065448,111.000000,1.000000,0.000000,0.000000,0.000000,0.000000,0.036640,0.038840,0.075480,72.000000,35.000000,0.000000,0.000000,0.000000,0.000000,0.037560,0.036752,0.074312,37.000000,73.000000,0.000000,0.000000,0.000000,0.000000
1781799543.437382427,2026-06-18T16:19:03+00:00,6.955,0.54,7783.762,7255.492,528.270,6.787,0.000,48.00,0.055584,0.001200,0.056784,96.000000,1.000000,0.000000,0.000000,0.000000,0.000000,0.037568,0.040656,0.078224,71.000000,37.000000,0.000000,0.000000,0.000000,0.000000,0.035640,0.033904,0.069544,30.000000,61.000000,0.000000,0.000000,0.000000,0.000000
1781799544.673993121,2026-06-18T16:19:04+00:00,5.102,0.54,7783.762,7254.727,529.035,6.797,0.000,48.00,0.059304,0.001200,0.060504,99.000000,1.000000,0.000000,0.000000,0.000000,0.000000,0.031120,0.030264,0.061384,61.000000,29.000000,0.000000,0.000000,0.000000,0.000000,0.027904,0.028624,0.056528,27.000000,57.000000,0.000000,0.000000,0.000000,0.000000
1781799545.829118273,2026-06-18T16:19:05+00:00,4.130,0.54,7783.762,7251.469,532.293,6.839,0.000,48.00,0.047728,0.001200,0.048928,80.000000,1.000000,0.000000,0.000000,0.000000,0.000000,0.030648,0.029320,0.059968,55.000000,28.000000,0.000000,0.000000,0.000000,0.000000,0.030000,0.032184,0.062184,28.000000,58.000000,0.000000,0.000000,0.000000,0.000000
1781799547.003190137,2026-06-18T16:19:07+00:00,4.310,0.54,7783.762,7252.473,531.289,6.826,0.000,48.00,0.059696,0.001200,0.060896,102.000000,1.000000,0.000000,0.000000,0.000000,0.000000,0.037368,0.037016,0.074384,72.000000,35.000000,0.000000,0.000000,0.000000,0.000000,0.036800,0.035880,0.072680,35.000000,70.000000,0.000000,0.000000,0.000000,0.000000
1781799548.336316886,2026-06-18T16:19:08+00:00,6.981,0.54,7783.762,7252.332,531.430,6.827,0.000,48.00,0.061672,0.001200,0.062872,109.000000,1.000000,0.000000,0.000000,0.000000,0.000000,0.038200,0.035904,0.074104,70.000000,35.000000,0.000000,0.000000,0.000000,0.000000,0.031840,0.035656,0.067496,32.000000,65.000000,0.000000,0.000000,0.000000,0.000000
1781799549.485399875,2026-06-18T16:19:09+00:00,3.501,0.57,7783.762,7254.957,528.805,6.794,0.000,48.00,0.056520,0.001200,0.057720,88.000000,1.000000,0.000000,0.000000,0.000000,0.000000,0.031648,0.036320,0.067968,63.000000,30.000000,0.000000,0.000000,0.000000,0.000000,0.035120,0.031120,0.066240,29.000000,62.000000,0.000000,0.000000,0.000000,0.000000
1781799550.665744852,2026-06-18T16:19:10+00:00,4.060,0.57,7783.762,7263.172,520.590,6.688,0.000,48.00,0.050248,0.001536,0.051784,89.000000,2.000000,0.000000,0.000000,0.000000,0.000000,0.029184,0.029440,0.058624,58.000000,29.000000,0.000000,0.000000,0.000000,0.000000,0.027904,0.030096,0.058000,27.000000,61.000000,0.000000,0.000000,0.000000,0.000000
1781799552.001146366,2026-06-18T16:19:12+00:00,6.591,0.57,7783.762,7263.188,520.574,6.688,0.000,48.00,0.057280,0.001200,0.058480,100.000000,1.000000,0.000000,0.000000,0.000000,0.000000,0.036544,0.035576,0.072120,73.000000,34.000000,0.000000,0.000000,0.000000,0.000000,0.038936,0.038424,0.077360,36.000000,73.000000,0.000000,0.000000,0.000000,0.000000
1781799553.343770428,2026-06-18T16:19:13+00:00,6.929,0.57,7783.762,7263.199,520.562,6.688,0.000,48.00,0.061352,0.001200,0.062552,108.000000,1.000000,0.000000,0.000000,0.000000,0.000000,0.036520,0.037600,0.074120,69.000000,36.000000,0.000000,0.000000,0.000000,0.000000,0.031840,0.031232,0.063072,32.000000,62.000000,0.000000,0.000000,0.000000,0.000000
1781799554.517787103,2026-06-18T16:19:14+00:00,3.871,0.61,7783.762,7261.977,521.785,6.704,0.000,48.00,0.057792,0.001200,0.058992,97.000000,1.000000,0.000000,0.000000,0.000000,0.000000,0.034144,0.037360,0.071504,69.000000,32.000000,0.000000,0.000000,0.000000,0.000000,0.036160,0.033616,0.069776,31.000000,67.000000,0.000000,0.000000,0.000000,0.000000
1781799555.694797389,2026-06-18T16:19:15+00:00,5.117,0.61,7783.762,7262.492,521.270,6.697,0.000,48.00,0.046616,0.001200,0.047816,81.000000,1.000000,0.000000,0.000000,0.000000,0.000000,0.026176,0.028064,0.054240,51.000000,26.000000,0.000000,0.000000,0.000000,0.000000,0.026864,0.025648,0.052512,25.000000,51.000000,0.000000,0.000000,0.000000,0.000000
1781799556.968557765,2026-06-18T16:19:16+00:00,6.175,0.61,7783.762,7262.508,521.254,6.697,0.000,48.00,0.055184,0.001200,0.056384,93.000000,1.000000,0.000000,0.000000,0.000000,0.000000,0.035560,0.034416,0.069976,67.000000,32.000000,0.000000,0.000000,0.000000,0.000000,0.033736,0.035176,0.068912,33.000000,68.000000,0.000000,0.000000,0.000000,0.000000
1781799558.172129230,2026-06-18T16:19:18+00:00,4.593,0.61,7783.762,7262.531,521.230,6.696,0.000,49.00,0.057640,0.001200,0.058840,102.000000,1.000000,0.000000,0.000000,0.000000,0.000000,0.038288,0.039792,0.078080,76.000000,40.000000,0.000000,0.000000,0.000000,0.000000,0.038592,0.037712,0.076304,38.000000,74.000000,0.000000,0.000000,0.000000,0.000000
1781799559.573830513,2026-06-18T16:19:19+00:00,7.401,0.72,7783.762,7262.531,521.230,6.696,0.000,48.00,0.065096,0.001200,0.066296,110.000000,1.000000,0.000000,0.000000,0.000000,0.000000,0.032176,0.036840,0.069016,64.000000,31.000000,0.000000,0.000000,0.000000,0.000000,0.035120,0.030160,0.065280,29.000000,60.000000,0.000000,0.000000,0.000000,0.000000
1781799560.726878301,2026-06-18T16:19:20+00:00,3.696,0.72,7783.762,7262.547,521.215,6.696,0.000,48.00,0.050784,0.001200,0.051984,88.000000,1.000000,0.000000,0.000000,0.000000,0.000000,0.032736,0.029584,0.062320,61.000000,29.000000,0.000000,0.000000,0.000000,0.000000,0.030264,0.034752,0.065016,31.000000,65.000000,0.000000,0.000000,0.000000,0.000000
1781799562.072991569,2026-06-18T16:19:22+00:00,6.929,0.72,7783.762,7261.820,521.941,6.706,0.000,48.00,0.057648,0.001200,0.058848,101.000000,1.000000,0.000000,0.000000,0.000000,0.000000,0.036064,0.035576,0.071640,71.000000,33.000000,0.000000,0.000000,0.000000,0.000000,0.032496,0.032608,0.065104,30.000000,66.000000,0.000000,0.000000,0.000000,0.000000
1781799563.230701535,2026-06-18T16:19:23+00:00,3.896,0.72,7783.762,7261.109,522.652,6.715,0.000,48.00,0.074592,0.001200,0.075792,105.000000,1.000000,0.000000,0.000000,0.000000,0.000000,0.053656,0.039824,0.093480,79.000000,36.000000,0.000000,0.000000,0.000000,0.000000,0.039400,0.053608,0.093008,35.000000,78.000000,0.000000,0.000000,0.000000,0.000000
1781799564.544972501,2026-06-18T16:19:24+00:00,6.923,0.74,7783.762,7258.836,524.926,6.744,0.000,48.00,0.064664,0.001200,0.065864,110.000000,1.000000,0.000000,0.000000,0.000000,0.000000,0.034240,0.038656,0.072896,68.000000,34.000000,0.000000,0.000000,0.000000,0.000000,0.036680,0.032704,0.069384,32.000000,65.000000,0.000000,0.000000,0.000000,0.000000
1781799565.723018508,2026-06-18T16:19:25+00:00,4.292,0.74,7783.762,7260.824,522.938,6.718,0.000,49.00,0.045880,0.001200,0.047080,79.000000,1.000000,0.000000,0.000000,0.000000,0.000000,0.025696,0.028064,0.053760,51.000000,26.000000,0.000000,0.000000,0.000000,0.000000,0.026864,0.025648,0.052512,25.000000,51.000000,0.000000,0.000000,0.000000,0.000000
1781799566.880908882,2026-06-18T16:19:26+00:00,3.905,0.74,7783.762,7262.496,521.266,6.697,0.000,48.00,0.046760,0.001200,0.047960,85.000000,1.000000,0.000000,0.000000,0.000000,0.000000,0.033088,0.033640,0.066728,65.000000,31.000000,0.000000,0.000000,0.000000,0.000000,0.033736,0.033184,0.066920,32.000000,66.000000,0.000000,0.000000,0.000000,0.000000
1781799568.209814314,2026-06-18T16:19:28+00:00,6.818,0.74,7783.762,7263.660,520.102,6.682,0.000,49.00,0.059992,0.001200,0.061192,104.000000,1.000000,0.000000,0.000000,0.000000,0.000000,0.033184,0.034304,0.067488,67.000000,33.000000,0.000000,0.000000,0.000000,0.000000,0.035744,0.034688,0.070432,34.000000,70.000000,0.000000,0.000000,0.000000,0.000000
1781799569.361414745,2026-06-18T16:19:29+00:00,3.509,0.68,7783.762,7262.211,521.551,6.700,0.000,49.00,0.055976,0.001200,0.057176,97.000000,1.000000,0.000000,0.000000,0.000000,0.000000,0.034304,0.037576,0.071880,68.000000,35.000000,0.000000,0.000000,0.000000,0.000000,0.036296,0.032224,0.068520,32.000000,63.000000,0.000000,0.000000,0.000000,0.000000
1781799570.749605853,2026-06-18T16:19:30+00:00,7.581,0.68,7783.762,7261.785,521.977,6.706,0.000,48.00,0.060496,0.001200,0.061696,102.000000,1.000000,0.000000,0.000000,0.000000,0.000000,0.033616,0.034600,0.068216,66.000000,32.000000,0.000000,0.000000,0.000000,0.000000,0.029544,0.031072,0.060616,29.000000,62.000000,0.000000,0.000000,0.000000,0.000000
1781799571.905165508,2026-06-18T16:19:31+00:00,3.696,0.68,7783.762,7263.355,520.406,6.686,0.000,48.00,0.047320,0.001200,0.048520,79.000000,1.000000,0.000000,0.000000,0.000000,0.000000,0.031312,0.031304,0.062616,57.000000,27.000000,0.000000,0.000000,0.000000,0.000000,0.030104,0.029392,0.059496,26.000000,54.000000,0.000000,0.000000,0.000000,0.000000
1781799573.057750931,2026-06-18T16:19:33+00:00,3.939,0.68,7783.762,7263.758,520.004,6.681,0.000,48.00,0.054288,0.001200,0.055488,96.000000,1.000000,0.000000,0.000000,0.000000,0.000000,0.031744,0.032336,0.064080,63.000000,33.000000,0.000000,0.000000,0.000000,0.000000,0.033352,0.034720,0.068072,34.000000,71.000000,0.000000,0.000000,0.000000,0.000000
1781799574.402139441,2026-06-18T16:19:34+00:00,7.129,0.63,7783.762,7263.230,520.531,6.687,0.000,48.00,0.063432,0.001200,0.064632,113.000000,1.000000,0.000000,0.000000,0.000000,0.000000,0.037232,0.038112,0.075344,74.000000,37.000000,0.000000,0.000000,0.000000,0.000000,0.034696,0.033200,0.067896,34.000000,64.000000,0.000000,0.000000,0.000000,0.000000
1781799575.554283691,2026-06-18T16:19:35+00:00,3.509,0.63,7783.762,7262.582,521.180,6.696,0.000,48.00,0.058056,0.001200,0.059256,90.000000,1.000000,0.000000,0.000000,0.000000,0.000000,0.032512,0.036840,0.069352,60.000000,31.000000,0.000000,0.000000,0.000000,0.000000,0.036160,0.032992,0.069152,31.000000,61.000000,0.000000,0.000000,0.000000,0.000000
1781799576.959663995,2026-06-18T16:19:36+00:00,8.050,0.63,7783.762,7262.945,520.816,6.691,0.000,48.00,0.056672,0.001200,0.057872,98.000000,1.000000,0.000000,0.000000,0.000000,0.000000,0.035208,0.032864,0.068072,68.000000,30.000000,0.000000,0.000000,0.000000,0.000000,0.031920,0.033768,0.065688,29.000000,66.000000,0.000000,0.000000,0.000000,0.000000
1781799578.114767427,2026-06-18T16:19:38+00:00,3.704,0.63,7783.762,7264.570,519.191,6.670,0.000,50.00,0.051864,0.001200,0.053064,89.000000,1.000000,0.000000,0.000000,0.000000,0.000000,0.033424,0.031296,0.064720,62.000000,30.000000,0.000000,0.000000,0.000000,0.000000,0.029320,0.031888,0.061208,28.000000,59.000000,0.000000,0.000000,0.000000,0.000000
1781799579.269622998,2026-06-18T16:19:39+00:00,4.783,0.58,7783.762,7262.754,521.008,6.694,0.000,48.00,0.052864,0.001200,0.054064,97.000000,1.000000,0.000000,0.000000,0.000000,0.000000,0.032288,0.033960,0.066248,64.000000,34.000000,0.000000,0.000000,0.000000,0.000000,0.035624,0.033776,0.069400,35.000000,67.000000,0.000000,0.000000,0.000000,0.000000
1781799580.490919838,2026-06-18T16:19:40+00:00,4.752,0.58,7783.762,7262.031,521.730,6.703,0.000,48.00,0.054464,0.001200,0.055664,92.000000,1.000000,0.000000,0.000000,0.000000,0.000000,0.031264,0.035984,0.067248,62.000000,32.000000,0.000000,0.000000,0.000000,0.000000,0.032440,0.030736,0.063176,31.000000,61.000000,0.000000,0.000000,0.000000,0.000000
1781799581.640407701,2026-06-18T16:19:41+00:00,3.704,0.58,7783.762,7259.164,524.598,6.740,0.000,48.00,0.053200,0.001200,0.054400,85.000000,1.000000,0.000000,0.000000,0.000000,0.000000,0.029152,0.033080,0.062232,58.000000,29.000000,0.000000,0.000000,0.000000,0.000000,0.031880,0.027184,0.059064,27.000000,54.000000,0.000000,0.000000,0.000000,0.000000
1781799583.050325568,2026-06-18T16:19:43+00:00,8.259,0.58,7783.762,7257.918,525.844,6.756,0.000,48.00,0.057024,0.001200,0.058224,100.000000,1.000000,0.000000,0.000000,0.000000,0.000000,0.034144,0.034160,0.068304,68.000000,32.000000,0.000000,0.000000,0.000000,0.000000,0.033216,0.034096,0.067312,31.000000,68.000000,0.000000,0.000000,0.000000,0.000000
1781799584.201780395,2026-06-18T16:19:44+00:00,3.704,0.53,7783.762,7256.602,527.160,6.773,0.000,48.00,0.049256,0.001200,0.050456,87.000000,1.000000,0.000000,0.000000,0.000000,0.000000,0.034736,0.035376,0.070112,69.000000,36.000000,0.000000,0.000000,0.000000,0.000000,0.037304,0.036272,0.073576,37.000000,72.000000,0.000000,0.000000,0.000000,0.000000
1781799585.533789017,2026-06-18T16:19:45+00:00,6.805,0.53,7783.762,7257.457,526.305,6.762,0.000,49.00,0.064576,0.001200,0.065776,111.000000,1.000000,0.000000,0.000000,0.000000,0.000000,0.032800,0.039440,0.072240,64.000000,34.000000,0.000000,0.000000,0.000000,0.000000,0.035736,0.029728,0.065464,31.000000,59.000000,0.000000,0.000000,0.000000,0.000000
1781799586.845699650,2026-06-18T16:19:46+00:00,6.538,0.53,7783.762,7255.965,527.797,6.781,0.000,48.00,0.055024,0.001200,0.056224,95.000000,1.000000,0.000000,0.000000,0.000000,0.000000,0.031120,0.031664,0.062784,61.000000,30.000000,0.000000,0.000000,0.000000,0.000000,0.029064,0.028720,0.057784,28.000000,58.000000,0.000000,0.000000,0.000000,0.000000
1781799588.026668396,2026-06-18T16:19:48+00:00,4.051,0.53,7783.762,7256.328,527.434,6.776,0.000,48.00,0.048328,0.001200,0.049528,80.000000,1.000000,0.000000,0.000000,0.000000,0.000000,0.028192,0.032080,0.060272,56.000000,28.000000,0.000000,0.000000,0.000000,0.000000,0.032176,0.029632,0.061808,29.000000,58.000000,0.000000,0.000000,0.000000,0.000000
1781799589.322416147,2026-06-18T16:19:49+00:00,6.019,0.49,7783.762,7258.129,525.633,6.753,0.000,48.00,0.059408,0.001200,0.060608,109.000000,1.000000,0.000000,0.000000,0.000000,0.000000,0.036800,0.036416,0.073216,73.000000,38.000000,0.000000,0.000000,0.000000,0.000000,0.034440,0.034784,0.069224,36.000000,70.000000,0.000000,0.000000,0.000000,0.000000
1781799590.475335405,2026-06-18T16:19:50+00:00,3.704,0.49,7783.762,7255.785,527.977,6.783,0.000,48.00,0.055016,0.001200,0.056216,98.000000,1.000000,0.000000,0.000000,0.000000,0.000000,0.033664,0.036544,0.070208,67.000000,35.000000,0.000000,0.000000,0.000000,0.000000,0.036704,0.032128,0.068832,34.000000,63.000000,0.000000,0.000000,0.000000,0.000000
1781799591.628175722,2026-06-18T16:19:51+00:00,4.386,0.49,7783.762,7255.785,527.977,6.783,0.000,48.00,0.053912,0.001536,0.055448,95.000000,2.000000,0.000000,0.000000,0.000000,0.000000,0.031456,0.033216,0.064672,62.000000,30.000000,0.000000,0.000000,0.000000,0.000000,0.029800,0.030016,0.059816,27.000000,61.000000,0.000000,0.000000,0.000000,0.000000
1781799592.792381266,2026-06-18T16:19:52+00:00,3.888,0.49,7783.762,7256.211,527.551,6.778,0.000,49.00,0.073848,0.001200,0.075048,99.000000,1.000000,0.000000,0.000000,0.000000,0.000000,0.048120,0.035144,0.083264,68.000000,31.000000,0.000000,0.000000,0.000000,0.000000,0.033944,0.047640,0.081584,30.000000,67.000000,0.000000,0.000000,0.000000,0.000000
1781799593.955569914,2026-06-18T16:19:53+00:00,4.310,0.45,7783.762,7254.730,529.031,6.797,0.000,48.00,0.049520,0.001200,0.050720,83.000000,1.000000,0.000000,0.000000,0.000000,0.000000,0.028672,0.031824,0.060496,57.000000,28.000000,0.000000,0.000000,0.000000,0.000000,0.031400,0.028624,0.060024,28.000000,56.000000,0.000000,0.000000,0.000000,0.000000
1781799595.297691243,2026-06-18T16:19:55+00:00,6.968,0.45,7783.762,7251.816,531.945,6.834,0.000,49.00,0.057800,0.001200,0.059000,105.000000,1.000000,0.000000,0.000000,0.000000,0.000000,0.035312,0.036496,0.071808,70.000000,38.000000,0.000000,0.000000,0.000000,0.000000,0.035696,0.034784,0.070480,37.000000,69.000000,0.000000,0.000000,0.000000,0.000000
1781799596.450487090,2026-06-18T16:19:56+00:00,3.493,0.45,7783.762,7252.148,531.613,6.830,0.000,48.00,0.057384,0.001200,0.058584,102.000000,1.000000,0.000000,0.000000,0.000000,0.000000,0.035632,0.037680,0.073312,70.000000,34.000000,0.000000,0.000000,0.000000,0.000000,0.039680,0.035248,0.074928,35.000000,71.000000,0.000000,0.000000,0.000000,0.000000
1781799597.868545669,2026-06-18T16:19:57+00:00,7.815,0.45,7783.762,7253.906,529.855,6.807,0.000,48.00,0.054664,0.001200,0.055864,88.000000,1.000000,0.000000,0.000000,0.000000,0.000000,0.029728,0.033600,0.063328,59.000000,30.000000,0.000000,0.000000,0.000000,0.000000,0.029904,0.029104,0.059008,27.000000,57.000000,0.000000,0.000000,0.000000,0.000000
1781799599.032266107,2026-06-18T16:19:59+00:00,3.680,0.41,7783.762,7255.219,528.543,6.790,0.000,48.00,0.052672,0.001200,0.053872,91.000000,1.000000,0.000000,0.000000,0.000000,0.000000,0.030688,0.034152,0.064840,63.000000,32.000000,0.000000,0.000000,0.000000,0.000000,0.033824,0.034304,0.068128,36.000000,69.000000,0.000000,0.000000,0.000000,0.000000
1781799600.419096159,2026-06-18T16:20:00+00:00,8.182,0.41,7783.762,7257.363,526.398,6.763,0.000,48.00,0.062032,0.001200,0.063232,114.000000,1.000000,0.000000,0.000000,0.000000,0.000000,0.038288,0.038504,0.076792,75.000000,38.000000,0.000000,0.000000,0.000000,0.000000,0.035328,0.033136,0.068464,32.000000,65.000000,0.000000,0.000000,0.000000,0.000000
1781799601.565536872,2026-06-18T16:20:01+00:00,4.626,0.41,7783.762,7258.727,525.035,6.745,0.000,47.00,0.056240,0.001200,0.057440,89.000000,1.000000,0.000000,0.000000,0.000000,0.000000,0.032368,0.032856,0.065224,58.000000,29.000000,0.000000,0.000000,0.000000,0.000000,0.033856,0.031504,0.065360,30.000000,58.000000,0.000000,0.000000,0.000000,0.000000
1781799602.769427023,2026-06-18T16:20:02+00:00,4.603,0.41,7783.762,7258.262,525.500,6.751,0.000,48.00,0.051632,0.001200,0.052832,88.000000,1.000000,0.000000,0.000000,0.000000,0.000000,0.030736,0.034120,0.064856,61.000000,31.000000,0.000000,0.000000,0.000000,0.000000,0.034224,0.031168,0.065392,30.000000,62.000000,0.000000,0.000000,0.000000,0.000000
1781799604.149380676,2026-06-18T16:20:04+00:00,7.156,0.38,7783.762,7257.793,525.969,6.757,0.000,49.00,0.055424,0.001200,0.056624,90.000000,1.000000,0.000000,0.000000,0.000000,0.000000,0.031936,0.032600,0.064536,59.000000,29.000000,0.000000,0.000000,0.000000,0.000000,0.027640,0.029392,0.057032,26.000000,54.000000,0.000000,0.000000,0.000000,0.000000
1781799605.311315687,2026-06-18T16:20:05+00:00,3.888,0.38,7783.762,7257.094,526.668,6.766,0.000,48.00,0.056440,0.001200,0.057640,102.000000,1.000000,0.000000,0.000000,0.000000,0.000000,0.035840,0.036936,0.072776,72.000000,39.000000,0.000000,0.000000,0.000000,0.000000,0.041840,0.038336,0.080176,40.000000,78.000000,0.000000,0.000000,0.000000,0.000000
1781799606.726850554,2026-06-18T16:20:06+00:00,7.843,0.38,7783.762,7257.027,526.734,6.767,0.000,48.00,0.064176,0.001200,0.065376,108.000000,1.000000,0.000000,0.000000,0.000000,0.000000,0.035200,0.040872,0.076072,68.000000,35.000000,0.000000,0.000000,0.000000,0.000000,0.033048,0.030688,0.063736,31.000000,59.000000,0.000000,0.000000,0.000000,0.000000
1781799607.874279290,2026-06-18T16:20:07+00:00,3.289,0.38,7783.762,7257.293,526.469,6.764,0.000,48.00,0.051264,0.001200,0.052464,87.000000,1.000000,0.000000,0.000000,0.000000,0.000000,0.033376,0.032984,0.066360,62.000000,29.000000,0.000000,0.000000,0.000000,0.000000,0.031784,0.031888,0.063672,28.000000,59.000000,0.000000,0.000000,0.000000,0.000000
1781799609.257082779,2026-06-18T16:20:09+00:00,7.832,0.35,7783.762,7258.539,525.223,6.748,0.000,48.00,0.054792,0.001200,0.055992,91.000000,1.000000,0.000000,0.000000,0.000000,0.000000,0.033016,0.033816,0.066832,64.000000,34.000000,0.000000,0.000000,0.000000,0.000000,0.034296,0.034504,0.068800,35.000000,67.000000,0.000000,0.000000,0.000000,0.000000
1781799610.436262026,2026-06-18T16:20:10+00:00,4.292,0.35,7783.762,7258.992,524.770,6.742,0.000,50.00,0.058960,0.001200,0.060160,108.000000,1.000000,0.000000,0.000000,0.000000,0.000000,0.034144,0.033440,0.067584,68.000000,34.000000,0.000000,0.000000,0.000000,0.000000,0.032648,0.033088,0.065736,32.000000,67.000000,0.000000,0.000000,0.000000,0.000000
1781799611.601240745,2026-06-18T16:20:11+00:00,4.095,0.35,7783.762,7259.887,523.875,6.730,0.000,48.00,0.056280,0.001200,0.057480,95.000000,1.000000,0.000000,0.000000,0.000000,0.000000,0.033088,0.037400,0.070488,66.000000,32.000000,0.000000,0.000000,0.000000,0.000000,0.036032,0.032176,0.068208,31.000000,64.000000,0.000000,0.000000,0.000000,0.000000
1781799612.974740832,2026-06-18T16:20:12+00:00,7.353,0.35,7783.762,7261.801,521.961,6.706,0.000,49.00,0.060128,0.001200,0.061328,101.000000,1.000000,0.000000,0.000000,0.000000,0.000000,0.034672,0.035944,0.070616,68.000000,32.000000,0.000000,0.000000,0.000000,0.000000,0.032824,0.032128,0.064952,30.000000,63.000000,0.000000,0.000000,0.000000,0.000000
1781799614.126314107,2026-06-18T16:20:14+00:00,3.712,0.32,7783.762,7262.961,520.801,6.691,0.000,49.00,0.044696,0.001200,0.045896,78.000000,1.000000,0.000000,0.000000,0.000000,0.000000,0.026128,0.027544,0.053672,52.000000,25.000000,0.000000,0.000000,0.000000,0.000000,0.027120,0.027616,0.054736,27.000000,58.000000,0.000000,0.000000,0.000000,0.000000
1781799615.440890236,2026-06-18T16:20:15+00:00,6.166,0.32,7783.762,7262.359,521.402,6.699,0.000,49.00,0.063056,0.001200,0.064256,114.000000,1.000000,0.000000,0.000000,0.000000,0.000000,0.042016,0.037192,0.079208,80.000000,38.000000,0.000000,0.000000,0.000000,0.000000,0.037616,0.042544,0.080160,38.000000,79.000000,0.000000,0.000000,0.000000,0.000000
1781799616.682846487,2026-06-18T16:20:16+00:00,5.242,0.32,7783.762,7261.723,522.039,6.707,0.000,48.00,0.059776,0.001200,0.060976,102.000000,1.000000,0.000000,0.000000,0.000000,0.000000,0.035680,0.038960,0.074640,70.000000,35.000000,0.000000,0.000000,0.000000,0.000000,0.037280,0.032656,0.069936,31.000000,64.000000,0.000000,0.000000,0.000000,0.000000
1781799617.950442819,2026-06-18T16:20:17+00:00,5.976,0.32,7783.762,7262.621,521.141,6.695,0.000,49.00,0.054368,0.001200,0.055568,91.000000,1.000000,0.000000,0.000000,0.000000,0.000000,0.031648,0.035384,0.067032,63.000000,31.000000,0.000000,0.000000,0.000000,0.000000,0.032264,0.029632,0.061896,29.000000,59.000000,0.000000,0.000000,0.000000,0.000000
1781799619.255641038,2026-06-18T16:20:19+00:00,6.963,0.37,7783.762,7264.406,519.355,6.672,0.000,48.00,0.052272,0.001200,0.053472,92.000000,1.000000,0.000000,0.000000,0.000000,0.000000,0.029632,0.029360,0.058992,60.000000,28.000000,0.000000,0.000000,0.000000,0.000000,0.032616,0.034160,0.066776,33.000000,68.000000,0.000000,0.000000,0.000000,0.000000
1781799620.409692108,2026-06-18T16:20:20+00:00,3.712,0.37,7783.762,7263.180,520.582,6.688,0.000,49.00,0.059656,0.001200,0.060856,107.000000,1.000000,0.000000,0.000000,0.000000,0.000000,0.039080,0.035720,0.074800,74.000000,37.000000,0.000000,0.000000,0.000000,0.000000,0.030064,0.034504,0.064568,31.000000,66.000000,0.000000,0.000000,0.000000,0.000000
1781799621.575066781,2026-06-18T16:20:21+00:00,3.688,0.37,7783.762,7263.016,520.746,6.690,0.000,48.00,0.054904,0.001200,0.056104,92.000000,1.000000,0.000000,0.000000,0.000000,0.000000,0.031696,0.036640,0.068336,63.000000,32.000000,0.000000,0.000000,0.000000,0.000000,0.039296,0.031264,0.070560,32.000000,62.000000,0.000000,0.000000,0.000000,0.000000
1781799622.916968096,2026-06-18T16:20:22+00:00,7.317,0.37,7783.762,7263.613,520.148,6.682,0.000,49.00,0.077936,0.001200,0.079136,108.000000,1.000000,0.000000,0.000000,0.000000,0.000000,0.052152,0.041400,0.093552,75.000000,34.000000,0.000000,0.000000,0.000000,0.000000,0.036344,0.051096,0.087440,31.000000,76.000000,0.000000,0.000000,0.000000,0.000000
1781799624.111912027,2026-06-18T16:20:24+00:00,4.008,0.34,7783.762,7264.109,519.652,6.676,0.000,48.00,0.053200,0.001200,0.054400,93.000000,1.000000,0.000000,0.000000,0.000000,0.000000,0.031936,0.028064,0.060000,66.000000,27.000000,0.000000,0.000000,0.000000,0.000000,0.033136,0.037520,0.070656,34.000000,73.000000,0.000000,0.000000,0.000000,0.000000
1781799625.532420456,2026-06-18T16:20:25+00:00,7.965,0.34,7783.762,7263.738,520.023,6.681,0.000,48.00,0.060888,0.001200,0.062088,113.000000,1.000000,0.000000,0.000000,0.000000,0.000000,0.038864,0.041472,0.080336,75.000000,40.000000,0.000000,0.000000,0.000000,0.000000,0.036088,0.032224,0.068312,32.000000,65.000000,0.000000,0.000000,0.000000,0.000000
1781799626.690978140,2026-06-18T16:20:26+00:00,3.696,0.34,7783.762,7264.246,519.516,6.674,0.000,49.00,0.060304,0.001200,0.061504,98.000000,1.000000,0.000000,0.000000,0.000000,0.000000,0.034624,0.037112,0.071736,68.000000,34.000000,0.000000,0.000000,0.000000,0.000000,0.033824,0.032752,0.066576,34.000000,66.000000,0.000000,0.000000,0.000000,0.000000
1781799628.094640024,2026-06-18T16:20:28+00:00,8.438,0.34,7783.762,7263.863,519.898,6.679,0.000,49.00,0.055720,0.001200,0.056920,95.000000,1.000000,0.000000,0.000000,0.000000,0.000000,0.029680,0.033464,0.063144,59.000000,30.000000,0.000000,0.000000,0.000000,0.000000,0.032264,0.028096,0.060360,27.000000,54.000000,0.000000,0.000000,0.000000,0.000000
1781799629.266809776,2026-06-18T16:20:29+00:00,4.292,0.32,7783.762,7264.816,518.945,6.667,0.000,49.00,0.044504,0.001200,0.045704,77.000000,1.000000,0.000000,0.000000,0.000000,0.000000,0.027824,0.029560,0.057384,57.000000,31.000000,0.000000,0.000000,0.000000,0.000000,0.031320,0.029264,0.060584,31.000000,58.000000,0.000000,0.000000,0.000000,0.000000
1781799630.429625704,2026-06-18T16:20:30+00:00,3.913,0.32,7783.762,7265.477,518.285,6.659,0.000,49.00,0.057768,0.001200,0.058968,101.000000,1.000000,0.000000,0.000000,0.000000,0.000000,0.034432,0.033840,0.068272,63.000000,32.000000,0.000000,0.000000,0.000000,0.000000,0.031360,0.034432,0.065792,32.000000,64.000000,0.000000,0.000000,0.000000,0.000000
1781799631.585548655,2026-06-18T16:20:31+00:00,3.696,0.32,7783.762,7263.574,520.188,6.683,0.000,49.00,0.056688,0.001200,0.057888,99.000000,1.000000,0.000000,0.000000,0.000000,0.000000,0.034528,0.034680,0.069208,67.000000,31.000000,0.000000,0.000000,0.000000,0.000000,0.034664,0.032608,0.067272,30.000000,65.000000,0.000000,0.000000,0.000000,0.000000
1781799632.746694088,2026-06-18T16:20:32+00:00,3.896,0.32,7783.762,7263.090,520.672,6.689,0.000,49.00,0.052000,0.001536,0.053536,90.000000,2.000000,0.000000,0.000000,0.000000,0.000000,0.031744,0.036416,0.068160,63.000000,33.000000,0.000000,0.000000,0.000000,0.000000,0.032536,0.031168,0.063704,30.000000,62.000000,0.000000,0.000000,0.000000,0.000000
1781799634.066240551,2026-06-18T16:20:34+00:00,6.476,0.29,7783.762,7262.734,521.027,6.694,0.000,49.00,0.060368,0.001200,0.061568,96.000000,1.000000,0.000000,0.000000,0.000000,0.000000,0.034384,0.033504,0.067888,64.000000,30.000000,0.000000,0.000000,0.000000,0.000000,0.031784,0.031408,0.063192,28.000000,58.000000,0.000000,0.000000,0.000000,0.000000
1781799635.425196620,2026-06-18T16:20:35+00:00,6.877,0.29,7783.762,7263.250,520.512,6.687,0.000,48.00,0.055144,0.001200,0.056344,100.000000,1.000000,0.000000,0.000000,0.000000,0.000000,0.032768,0.034296,0.067064,65.000000,35.000000,0.000000,0.000000,0.000000,0.000000,0.033616,0.033248,0.066864,35.000000,66.000000,0.000000,0.000000,0.000000,0.000000
1781799636.581443157,2026-06-18T16:20:36+00:00,4.338,0.29,7783.762,7263.250,520.512,6.687,0.000,48.00,0.060504,0.001200,0.061704,102.000000,1.000000,0.000000,0.000000,0.000000,0.000000,0.040336,0.038808,0.079144,75.000000,36.000000,0.000000,0.000000,0.000000,0.000000,0.041096,0.041424,0.082520,37.000000,77.000000,0.000000,0.000000,0.000000,0.000000
1781799637.912694238,2026-06-18T16:20:37+00:00,7.021,0.29,7783.762,7263.285,520.477,6.687,0.000,49.00,0.059184,0.001200,0.060384,101.000000,1.000000,0.000000,0.000000,0.000000,0.000000,0.034080,0.033472,0.067552,67.000000,30.000000,0.000000,0.000000,0.000000,0.000000,0.030144,0.031552,0.061696,28.000000,63.000000,0.000000,0.000000,0.000000,0.000000
1781799639.063497826,2026-06-18T16:20:39+00:00,3.720,0.27,7783.762,7263.098,520.664,6.689,0.000,48.00,0.052544,0.001200,0.053744,89.000000,1.000000,0.000000,0.000000,0.000000,0.000000,0.029248,0.033504,0.062752,58.000000,30.000000,0.000000,0.000000,0.000000,0.000000,0.030424,0.028192,0.058616,28.000000,56.000000,0.000000,0.000000,0.000000,0.000000
1781799640.217224843,2026-06-18T16:20:40+00:00,3.704,0.27,7783.762,7263.316,520.445,6.686,0.000,48.00,0.045552,0.001200,0.046752,80.000000,1.000000,0.000000,0.000000,0.000000,0.000000,0.032240,0.033552,0.065792,64.000000,34.000000,0.000000,0.000000,0.000000,0.000000,0.033648,0.033680,0.067328,34.000000,67.000000,0.000000,0.000000,0.000000,0.000000
1781799641.622737655,2026-06-18T16:20:41+00:00,7.720,0.27,7783.762,7262.441,521.320,6.698,0.000,48.00,0.065208,0.001200,0.066408,116.000000,1.000000,0.000000,0.000000,0.000000,0.000000,0.035680,0.036496,0.072176,71.000000,35.000000,0.000000,0.000000,0.000000,0.000000,0.036864,0.033760,0.070624,34.000000,67.000000,0.000000,0.000000,0.000000,0.000000
1781799642.906747556,2026-06-18T16:20:42+00:00,6.067,0.27,7783.762,7262.285,521.477,6.700,0.000,48.00,0.061056,0.001200,0.062256,106.000000,1.000000,0.000000,0.000000,0.000000,0.000000,0.035104,0.037080,0.072184,69.000000,33.000000,0.000000,0.000000,0.000000,0.000000,0.034896,0.033616,0.068512,32.000000,67.000000,0.000000,0.000000,0.000000,0.000000
1781799644.070151154,2026-06-18T16:20:44+00:00,3.688,0.25,7783.762,7262.051,521.711,6.703,0.000,48.00,0.050528,0.001200,0.051728,84.000000,1.000000,0.000000,0.000000,0.000000,0.000000,0.029200,0.033464,0.062664,58.000000,30.000000,0.000000,0.000000,0.000000,0.000000,0.030384,0.027136,0.057520,27.000000,56.000000,0.000000,0.000000,0.000000,0.000000
1781799645.458176728,2026-06-18T16:20:45+00:00,7.804,0.25,7783.762,7261.578,522.184,6.709,0.000,49.00,0.054152,0.001200,0.055352,98.000000,1.000000,0.000000,0.000000,0.000000,0.000000,0.032768,0.033816,0.066584,65.000000,34.000000,0.000000,0.000000,0.000000,0.000000,0.032616,0.032240,0.064856,33.000000,62.000000,0.000000,0.000000,0.000000,0.000000
1781799646.610663226,2026-06-18T16:20:46+00:00,3.930,0.25,7783.762,7260.359,523.402,6.724,0.000,48.00,0.056424,0.001200,0.057624,100.000000,1.000000,0.000000,0.000000,0.000000,0.000000,0.033664,0.035720,0.069384,66.000000,33.000000,0.000000,0.000000,0.000000,0.000000,0.035040,0.033232,0.068272,33.000000,66.000000,0.000000,0.000000,0.000000,0.000000
1781799647.765687372,2026-06-18T16:20:47+00:00,3.922,0.25,7783.762,7259.633,524.129,6.734,0.000,49.00,0.052128,0.001200,0.053328,83.000000,1.000000,0.000000,0.000000,0.000000,0.000000,0.027808,0.034784,0.062592,56.000000,30.000000,0.000000,0.000000,0.000000,0.000000,0.033840,0.027760,0.061600,29.000000,55.000000,0.000000,0.000000,0.000000,0.000000
1781799649.032625145,2026-06-18T16:20:49+00:00,5.765,0.23,7783.762,7260.480,523.281,6.723,0.000,48.00,0.054640,0.001200,0.055840,93.000000,1.000000,0.000000,0.000000,0.000000,0.000000,0.032224,0.034800,0.067024,63.000000,32.000000,0.000000,0.000000,0.000000,0.000000,0.033344,0.031216,0.064560,31.000000,62.000000,0.000000,0.000000,0.000000,0.000000
1781799650.363485066,2026-06-18T16:20:50+00:00,6.464,0.23,7783.762,7267.379,516.383,6.634,0.000,48.00,0.054816,0.001200,0.056016,99.000000,1.000000,0.000000,0.000000,0.000000,0.000000,0.030272,0.034664,0.064936,61.000000,37.000000,0.000000,0.000000,0.000000,0.000000,0.033720,0.030224,0.063944,36.000000,61.000000,0.000000,0.000000,0.000000,0.000000
1781799651.516557025,2026-06-18T16:20:51+00:00,3.905,0.23,7783.762,7266.895,516.867,6.640,0.000,49.00,0.054344,0.001200,0.055544,95.000000,1.000000,0.000000,0.000000,0.000000,0.000000,0.036592,0.036752,0.073344,71.000000,34.000000,0.000000,0.000000,0.000000,0.000000,0.041240,0.037264,0.078504,37.000000,74.000000,0.000000,0.000000,0.000000,0.000000
1781799652.940389981,2026-06-18T16:20:52+00:00,7.829,0.23,7783.762,7264.945,518.816,6.665,0.000,48.00,0.082264,0.001200,0.083464,113.000000,1.000000,0.000000,0.000000,0.000000,0.000000,0.051288,0.042520,0.093808,75.000000,36.000000,0.000000,0.000000,0.000000,0.000000,0.036736,0.048168,0.084904,31.000000,67.000000,0.000000,0.000000,0.000000,0.000000
1781799654.107248368,2026-06-18T16:20:54+00:00,3.871,0.21,7783.762,7264.031,519.730,6.677,0.000,49.00,0.052488,0.001200,0.053688,89.000000,1.000000,0.000000,0.000000,0.000000,0.000000,0.029632,0.031616,0.061248,58.000000,29.000000,0.000000,0.000000,0.000000,0.000000,0.032736,0.032672,0.065408,33.000000,65.000000,0.000000,0.000000,0.000000,0.000000
1781799655.491665961,2026-06-18T16:20:55+00:00,8.348,0.21,7783.762,7262.672,521.090,6.695,0.000,48.00,0.054152,0.001200,0.055352,98.000000,1.000000,0.000000,0.000000,0.000000,0.000000,0.032768,0.033816,0.066584,65.000000,34.000000,0.000000,0.000000,0.000000,0.000000,0.028416,0.027664,0.056080,27.000000,56.000000,0.000000,0.000000,0.000000,0.000000
1781799656.643583891,2026-06-18T16:20:56+00:00,3.501,0.21,7783.762,7260.145,523.617,6.727,0.000,49.00,0.058960,0.001200,0.060160,103.000000,1.000000,0.000000,0.000000,0.000000,0.000000,0.036688,0.039176,0.075864,74.000000,37.000000,0.000000,0.000000,0.000000,0.000000,0.043016,0.038752,0.081768,39.000000,76.000000,0.000000,0.000000,0.000000,0.000000
1781799658.034342755,2026-06-18T16:20:58+00:00,7.623,0.21,7783.762,7260.590,523.172,6.721,0.000,49.00,0.061200,0.001200,0.062400,100.000000,1.000000,0.000000,0.000000,0.000000,0.000000,0.032176,0.036864,0.069040,62.000000,31.000000,0.000000,0.000000,0.000000,0.000000,0.030624,0.028144,0.058768,27.000000,56.000000,0.000000,0.000000,0.000000,0.000000
1781799659.187212354,2026-06-18T16:20:59+00:00,3.282,0.19,7783.762,7260.801,522.961,6.719,0.000,49.00,0.049696,0.001200,0.050896,83.000000,1.000000,0.000000,0.000000,0.000000,0.000000,0.030976,0.030264,0.061240,57.000000,29.000000,0.000000,0.000000,0.000000,0.000000,0.032224,0.033488,0.065712,32.000000,62.000000,0.000000,0.000000,0.000000,0.000000
1781799660.529009140,2026-06-18T16:21:00+00:00,6.767,0.19,7783.762,7259.641,524.121,6.734,0.000,49.00,0.055624,0.001200,0.056824,102.000000,1.000000,0.000000,0.000000,0.000000,0.000000,0.034688,0.033816,0.068504,69.000000,34.000000,0.000000,0.000000,0.000000,0.000000,0.033216,0.032656,0.065872,31.000000,65.000000,0.000000,0.000000,0.000000,0.000000
1781799661.683005575,2026-06-18T16:21:01+00:00,3.696,0.19,7783.762,7260.914,522.848,6.717,0.000,49.00,0.054776,0.001536,0.056312,96.000000,2.000000,0.000000,0.000000,0.000000,0.000000,0.032128,0.035496,0.067624,63.000000,33.000000,0.000000,0.000000,0.000000,0.000000,0.030720,0.030208,0.060928,31.000000,62.000000,0.000000,0.000000,0.000000,0.000000
1781799662.979894017,2026-06-18T16:21:02+00:00,6.019,0.19,7783.762,7259.602,524.160,6.734,0.000,48.00,0.062928,0.001200,0.064128,102.000000,1.000000,0.000000,0.000000,0.000000,0.000000,0.038464,0.039480,0.077944,72.000000,35.000000,0.000000,0.000000,0.000000,0.000000,0.037760,0.036880,0.074640,32.000000,67.000000,0.000000,0.000000,0.000000,0.000000
1781799664.142492277,2026-06-18T16:21:04+00:00,4.357,0.26,7783.762,7261.176,522.586,6.714,0.000,48.00,0.050656,0.001200,0.051856,85.000000,1.000000,0.000000,0.000000,0.000000,0.000000,0.029136,0.030104,0.059240,58.000000,27.000000,0.000000,0.000000,0.000000,0.000000,0.028904,0.028608,0.057512,26.000000,56.000000,0.000000,0.000000,0.000000,0.000000
1781799665.327252213,2026-06-18T16:21:05+00:00,4.264,0.26,7783.762,7261.859,521.902,6.705,0.000,48.00,0.052856,0.001200,0.054056,92.000000,1.000000,0.000000,0.000000,0.000000,0.000000,0.033968,0.032264,0.066232,62.000000,32.000000,0.000000,0.000000,0.000000,0.000000,0.031064,0.032960,0.064024,31.000000,61.000000,0.000000,0.000000,0.000000,0.000000
1781799666.476198917,2026-06-18T16:21:06+00:00,3.712,0.26,7783.762,7261.145,522.617,6.714,0.000,49.00,0.049456,0.001200,0.050656,86.000000,1.000000,0.000000,0.000000,0.000000,0.000000,0.030544,0.029360,0.059904,60.000000,28.000000,0.000000,0.000000,0.000000,0.000000,0.028160,0.029104,0.057264,27.000000,58.000000,0.000000,0.000000,0.000000,0.000000
1781799667.627473175,2026-06-18T16:21:07+00:00,3.720,0.26,7783.762,7260.684,523.078,6.720,0.000,48.00,0.052048,0.001200,0.053248,88.000000,1.000000,0.000000,0.000000,0.000000,0.000000,0.031792,0.036456,0.068248,63.000000,34.000000,0.000000,0.000000,0.000000,0.000000,0.035776,0.032752,0.068528,34.000000,65.000000,0.000000,0.000000,0.000000,0.000000
1781799668.939078532,2026-06-18T16:21:08+00:00,6.154,0.24,7783.762,7261.547,522.215,6.709,0.000,48.00,0.057808,0.001200,0.059008,104.000000,1.000000,0.000000,0.000000,0.000000,0.000000,0.032176,0.032744,0.064920,64.000000,31.000000,0.000000,0.000000,0.000000,0.000000,0.032904,0.031696,0.064600,31.000000,63.000000,0.000000,0.000000,0.000000,0.000000
1781799670.095194796,2026-06-18T16:21:10+00:00,3.704,0.24,7783.762,7262.219,521.543,6.700,0.000,48.00,0.053176,0.001200,0.054376,91.000000,1.000000,0.000000,0.000000,0.000000,0.000000,0.031072,0.031824,0.062896,62.000000,28.000000,0.000000,0.000000,0.000000,0.000000,0.030384,0.029536,0.059920,27.000000,59.000000,0.000000,0.000000,0.000000,0.000000
1781799671.398177637,2026-06-18T16:21:11+00:00,6.154,0.24,7783.762,7259.523,524.238,6.735,0.000,48.00,0.057440,0.001200,0.058640,98.000000,1.000000,0.000000,0.000000,0.000000,0.000000,0.031376,0.038240,0.069616,62.000000,37.000000,0.000000,0.000000,0.000000,0.000000,0.035400,0.030320,0.065720,34.000000,60.000000,0.000000,0.000000,0.000000,0.000000
1781799672.548804502,2026-06-18T16:21:12+00:00,4.139,0.24,7783.762,7258.824,524.938,6.744,0.000,48.00,0.048160,0.001200,0.049360,86.000000,1.000000,0.000000,0.000000,0.000000,0.000000,0.033088,0.033640,0.066728,65.000000,31.000000,0.000000,0.000000,0.000000,0.000000,0.033216,0.032656,0.065872,31.000000,65.000000,0.000000,0.000000,0.000000,0.000000
1781799673.706603045,2026-06-18T16:21:13+00:00,4.139,0.22,7783.762,7257.434,526.328,6.762,0.000,49.00,0.051000,0.001200,0.052200,86.000000,1.000000,0.000000,0.000000,0.000000,0.000000,0.028192,0.030512,0.058704,56.000000,29.000000,0.000000,0.000000,0.000000,0.000000,0.029056,0.028192,0.057248,29.000000,57.000000,0.000000,0.000000,0.000000,0.000000
1781799674.861071371,2026-06-18T16:21:14+00:00,3.493,0.22,7783.762,7259.316,524.445,6.738,0.000,49.00,0.052496,0.001200,0.053696,94.000000,1.000000,0.000000,0.000000,0.000000,0.000000,0.029728,0.030800,0.060528,59.000000,30.000000,0.000000,0.000000,0.000000,0.000000,0.031168,0.028672,0.059840,28.000000,56.000000,0.000000,0.000000,0.000000,0.000000
1781799676.012305609,2026-06-18T16:21:16+00:00,3.720,0.22,7783.762,7257.121,526.641,6.766,0.000,49.00,0.054056,0.001200,0.055256,94.000000,1.000000,0.000000,0.000000,0.000000,0.000000,0.032128,0.035424,0.067552,65.000000,31.000000,0.000000,0.000000,0.000000,0.000000,0.032656,0.032080,0.064736,30.000000,64.000000,0.000000,0.000000,0.000000,0.000000
1781799677.303077528,2026-06-18T16:21:17+00:00,6.055,0.22,7783.762,7256.145,527.617,6.778,0.000,49.00,0.049664,0.001200,0.050864,84.000000,1.000000,0.000000,0.000000,0.000000,0.000000,0.033248,0.036880,0.070128,64.000000,36.000000,0.000000,0.000000,0.000000,0.000000,0.036560,0.030848,0.067408,35.000000,61.000000,0.000000,0.000000,0.000000,0.000000
1781799678.484008340,2026-06-18T16:21:18+00:00,4.478,0.20,7783.762,7258.133,525.629,6.753,0.000,48.00,0.056712,0.001200,0.057912,98.000000,1.000000,0.000000,0.000000,0.000000,0.000000,0.031744,0.035040,0.066784,63.000000,32.000000,0.000000,0.000000,0.000000,0.000000,0.033216,0.032176,0.065392,31.000000,65.000000,0.000000,0.000000,0.000000,0.000000
1781799679.866189413,2026-06-18T16:21:19+00:00,7.286,0.20,7783.762,7259.469,524.293,6.736,0.000,48.00,0.059304,0.001200,0.060504,103.000000,1.000000,0.000000,0.000000,0.000000,0.000000,0.031216,0.032216,0.063432,62.000000,31.000000,0.000000,0.000000,0.000000,0.000000,0.030240,0.030640,0.060880,29.000000,60.000000,0.000000,0.000000,0.000000,0.000000
1781799681.025255408,2026-06-18T16:21:21+00:00,3.896,0.20,7783.762,7259.805,523.957,6.731,0.000,48.00,0.060728,0.001200,0.061928,103.000000,1.000000,0.000000,0.000000,0.000000,0.000000,0.038488,0.036504,0.074992,74.000000,33.000000,0.000000,0.000000,0.000000,0.000000,0.035304,0.037048,0.072352,33.000000,72.000000,0.000000,0.000000,0.000000,0.000000
1781799682.426521716,2026-06-18T16:21:22+00:00,8.303,0.20,7783.762,7260.520,523.242,6.722,0.000,48.00,0.072648,0.001200,0.073848,112.000000,1.000000,0.000000,0.000000,0.000000,0.000000,0.048464,0.037792,0.086256,76.000000,36.000000,0.000000,0.000000,0.000000,0.000000,0.036592,0.046496,0.083088,34.000000,72.000000,0.000000,0.000000,0.000000,0.000000
1781799683.582826438,2026-06-18T16:21:23+00:00,3.922,0.18,7783.762,7259.887,523.875,6.730,0.000,48.00,0.061072,0.001200,0.062272,95.000000,1.000000,0.000000,0.000000,0.000000,0.000000,0.040104,0.036120,0.076224,72.000000,30.000000,0.000000,0.000000,0.000000,0.000000,0.035696,0.040584,0.076280,30.000000,73.000000,0.000000,0.000000,0.000000,0.000000
1781799684.771417707,2026-06-18T16:21:24+00:00,4.440,0.18,7783.762,7261.074,522.688,6.715,0.000,48.00,0.052360,0.001200,0.053560,96.000000,1.000000,0.000000,0.000000,0.000000,0.000000,0.032176,0.032040,0.064216,65.000000,33.000000,0.000000,0.000000,0.000000,0.000000,0.031760,0.033136,0.064896,32.000000,66.000000,0.000000,0.000000,0.000000,0.000000
1781799686.104474290,2026-06-18T16:21:26+00:00,6.805,0.18,7783.762,7260.922,522.840,6.717,0.000,47.00,0.061520,0.001200,0.062720,105.000000,1.000000,0.000000,0.000000,0.000000,0.000000,0.035152,0.037160,0.072312,69.000000,32.000000,0.000000,0.000000,0.000000,0.000000,0.034264,0.032128,0.066392,30.000000,64.000000,0.000000,0.000000,0.000000,0.000000
1781799687.281610128,2026-06-18T16:21:27+00:00,4.069,0.18,7783.762,7260.180,523.582,6.727,0.000,48.00,0.047528,0.001200,0.048728,83.000000,1.000000,0.000000,0.000000,0.000000,0.000000,0.032720,0.035880,0.068600,65.000000,35.000000,0.000000,0.000000,0.000000,0.000000,0.036080,0.032288,0.068368,34.000000,64.000000,0.000000,0.000000,0.000000,0.000000
1781799688.663085382,2026-06-18T16:21:28+00:00,7.313,0.17,7783.762,7260.875,522.887,6.718,0.000,48.00,0.066992,0.001200,0.068192,111.000000,1.000000,0.000000,0.000000,0.000000,0.000000,0.035920,0.035040,0.070960,66.000000,31.000000,0.000000,0.000000,0.000000,0.000000,0.033216,0.035392,0.068608,31.000000,66.000000,0.000000,0.000000,0.000000,0.000000
1781799689.816148240,2026-06-18T16:21:29+00:00,3.486,0.17,7783.762,7259.953,523.809,6.730,0.000,50.00,0.047424,0.001536,0.048960,84.000000,2.000000,0.000000,0.000000,0.000000,0.000000,0.028192,0.030816,0.059008,56.000000,30.000000,0.000000,0.000000,0.000000,0.000000,0.029024,0.027712,0.056736,29.000000,56.000000,0.000000,0.000000,0.000000,0.000000
1781799690.966162315,2026-06-18T16:21:30+00:00,4.148,0.17,7783.762,7258.055,525.707,6.754,0.000,48.00,0.051672,0.001200,0.052872,92.000000,1.000000,0.000000,0.000000,0.000000,0.000000,0.030736,0.033160,0.063896,62.000000,32.000000,0.000000,0.000000,0.000000,0.000000,0.035408,0.030688,0.066096,31.000000,60.000000,0.000000,0.000000,0.000000,0.000000
1781799692.122650924,2026-06-18T16:21:32+00:00,3.922,0.17,7783.762,7257.547,526.215,6.760,0.000,50.00,0.059184,0.001200,0.060384,97.000000,1.000000,0.000000,0.000000,0.000000,0.000000,0.037216,0.033584,0.070800,68.000000,30.000000,0.000000,0.000000,0.000000,0.000000,0.028416,0.033760,0.062176,27.000000,63.000000,0.000000,0.000000,0.000000,0.000000
1781799693.444092113,2026-06-18T16:21:33+00:00,6.692,0.17,7783.762,7257.172,526.590,6.765,0.000,48.00,0.057808,0.001200,0.059008,99.000000,1.000000,0.000000,0.000000,0.000000,0.000000,0.032816,0.037280,0.070096,65.000000,35.000000,0.000000,0.000000,0.000000,0.000000,0.036080,0.032288,0.068368,34.000000,64.000000,0.000000,0.000000,0.000000,0.000000
1781799694.605699766,2026-06-18T16:21:34+00:00,3.688,0.23,7783.762,7258.371,525.391,6.750,0.000,48.00,0.052024,0.001200,0.053224,87.000000,1.000000,0.000000,0.000000,0.000000,0.000000,0.030496,0.032824,0.063320,56.000000,30.000000,0.000000,0.000000,0.000000,0.000000,0.031624,0.030448,0.062072,29.000000,56.000000,0.000000,0.000000,0.000000,0.000000
1781799695.762679671,2026-06-18T16:21:35+00:00,3.696,0.23,7783.762,7258.062,525.699,6.754,0.000,48.00,0.048712,0.001200,0.049912,83.000000,1.000000,0.000000,0.000000,0.000000,0.000000,0.027712,0.029616,0.057328,55.000000,28.000000,0.000000,0.000000,0.000000,0.000000,0.030096,0.028720,0.058816,29.000000,59.000000,0.000000,0.000000,0.000000,0.000000
1781799697.041990473,2026-06-18T16:21:37+00:00,5.882,0.23,7783.762,7260.156,523.605,6.727,0.000,49.00,0.057600,0.001200,0.058800,100.000000,1.000000,0.000000,0.000000,0.000000,0.000000,0.035680,0.038808,0.074488,71.000000,37.000000,0.000000,0.000000,0.000000,0.000000,0.037480,0.034240,0.071720,35.000000,66.000000,0.000000,0.000000,0.000000,0.000000
1781799698.252131426,2026-06-18T16:21:38+00:00,4.574,0.23,7783.762,7260.543,523.219,6.722,0.000,48.00,0.051912,0.001200,0.053112,91.000000,1.000000,0.000000,0.000000,0.000000,0.000000,0.035264,0.037912,0.073176,69.000000,36.000000,0.000000,0.000000,0.000000,0.000000,0.036560,0.034208,0.070768,35.000000,70.000000,0.000000,0.000000,0.000000,0.000000
1781799699.636067502,2026-06-18T16:21:39+00:00,7.117,0.30,7783.762,7262.160,521.602,6.701,0.000,49.00,0.062912,0.001200,0.064112,105.000000,1.000000,0.000000,0.000000,0.000000,0.000000,0.029680,0.033224,0.062904,59.000000,29.000000,0.000000,0.000000,0.000000,0.000000,0.030624,0.027664,0.058288,27.000000,53.000000,0.000000,0.000000,0.000000,0.000000
1781799700.796766373,2026-06-18T16:21:40+00:00,4.772,0.30,7783.762,7261.273,522.488,6.713,0.000,49.00,0.049696,0.001200,0.050896,89.000000,1.000000,0.000000,0.000000,0.000000,0.000000,0.029728,0.030656,0.060384,59.000000,30.000000,0.000000,0.000000,0.000000,0.000000,0.029456,0.029200,0.058656,29.000000,58.000000,0.000000,0.000000,0.000000,0.000000
1781799701.944473446,2026-06-18T16:21:41+00:00,3.493,0.30,7783.762,7262.332,521.430,6.699,0.000,48.00,0.049288,0.001200,0.050488,89.000000,1.000000,0.000000,0.000000,0.000000,0.000000,0.033136,0.035200,0.068336,65.000000,32.000000,0.000000,0.000000,0.000000,0.000000,0.037640,0.034720,0.072360,34.000000,69.000000,0.000000,0.000000,0.000000,0.000000
1781799703.316332927,2026-06-18T16:21:43+00:00,7.011,0.30,7783.762,7260.262,523.500,6.726,0.000,50.00,0.059856,0.001200,0.061056,101.000000,1.000000,0.000000,0.000000,0.000000,0.000000,0.035216,0.034880,0.070096,71.000000,35.000000,0.000000,0.000000,0.000000,0.000000,0.034680,0.034208,0.068888,34.000000,68.000000,0.000000,0.000000,0.000000,0.000000
1781799704.477901381,2026-06-18T16:21:44+00:00,4.113,0.27,7783.762,7260.828,522.934,6.718,0.000,48.00,0.057352,0.001200,0.058552,98.000000,1.000000,0.000000,0.000000,0.000000,0.000000,0.030736,0.035144,0.065880,61.000000,31.000000,0.000000,0.000000,0.000000,0.000000,0.033064,0.029680,0.062744,29.000000,60.000000,0.000000,0.000000,0.000000,0.000000
1781799705.772048752,2026-06-18T16:21:45+00:00,5.848,0.27,7783.762,7261.332,522.430,6.712,0.000,50.00,0.053976,0.001200,0.055176,93.000000,1.000000,0.000000,0.000000,0.000000,0.000000,0.031168,0.033376,0.064544,61.000000,30.000000,0.000000,0.000000,0.000000,0.000000,0.031128,0.035056,0.066184,32.000000,71.000000,0.000000,0.000000,0.000000,0.000000
1781799707.144922900,2026-06-18T16:21:47+00:00,7.182,0.27,7783.762,7261.016,522.746,6.716,0.000,48.00,0.063016,0.001200,0.064216,110.000000,1.000000,0.000000,0.000000,0.000000,0.000000,0.039616,0.040872,0.080488,78.000000,39.000000,0.000000,0.000000,0.000000,0.000000,0.036960,0.031744,0.068704,33.000000,61.000000,0.000000,0.000000,0.000000,0.000000
1781799708.308628052,2026-06-18T16:21:48+00:00,4.506,0.27,7783.762,7259.965,523.797,6.729,0.000,48.00,0.048496,0.001200,0.049696,89.000000,1.000000,0.000000,0.000000,0.000000,0.000000,0.033296,0.037280,0.070576,66.000000,35.000000,0.000000,0.000000,0.000000,0.000000,0.036080,0.034256,0.070336,35.000000,68.000000,0.000000,0.000000,0.000000,0.000000
1781799709.686564574,2026-06-18T16:21:49+00:00,8.073,0.33,7783.762,7259.145,524.617,6.740,0.000,49.00,0.061680,0.001200,0.062880,99.000000,1.000000,0.000000,0.000000,0.000000,0.000000,0.028672,0.031824,0.060496,57.000000,28.000000,0.000000,0.000000,0.000000,0.000000,0.030624,0.026656,0.057280,26.000000,53.000000,0.000000,0.000000,0.000000,0.000000
1781799710.840156683,2026-06-18T16:21:50+00:00,3.939,0.33,7783.762,7261.133,522.629,6.714,0.000,48.00,0.052672,0.001200,0.053872,97.000000,1.000000,0.000000,0.000000,0.000000,0.000000,0.031168,0.033088,0.064256,62.000000,35.000000,0.000000,0.000000,0.000000,0.000000,0.032408,0.031648,0.064056,35.000000,64.000000,0.000000,0.000000,0.000000,0.000000
1781799712.100193694,2026-06-18T16:21:52+00:00,5.400,0.33,7783.762,7261.609,522.152,6.708,0.000,48.00,0.057792,0.001200,0.058992,101.000000,1.000000,0.000000,0.000000,0.000000,0.000000,0.036016,0.035200,0.071216,71.000000,32.000000,0.000000,0.000000,0.000000,0.000000,0.037120,0.036592,0.073712,33.000000,72.000000,0.000000,0.000000,0.000000,0.000000
1781799713.390880366,2026-06-18T16:21:53+00:00,6.250,0.33,7783.762,7261.609,522.152,6.708,0.000,48.00,0.079104,0.001200,0.080304,112.000000,1.000000,0.000000,0.000000,0.000000,0.000000,0.052792,0.043040,0.095832,77.000000,38.000000,0.000000,0.000000,0.000000,0.000000,0.039600,0.049768,0.089368,35.000000,71.000000,0.000000,0.000000,0.000000,0.000000
1781799714.543170665,2026-06-18T16:21:54+00:00,3.486,0.38,7783.762,7261.055,522.707,6.715,0.000,48.00,0.051632,0.001200,0.052832,88.000000,1.000000,0.000000,0.000000,0.000000,0.000000,0.031216,0.034264,0.065480,63.000000,31.000000,0.000000,0.000000,0.000000,0.000000,0.031664,0.030640,0.062304,29.000000,61.000000,0.000000,0.000000,0.000000,0.000000
1781799715.907115690,2026-06-18T16:21:55+00:00,7.037,0.38,7783.762,7259.617,524.145,6.734,0.000,48.00,0.052048,0.001200,0.053248,88.000000,1.000000,0.000000,0.000000,0.000000,0.000000,0.030160,0.030136,0.060296,59.000000,29.000000,0.000000,0.000000,0.000000,0.000000,0.036072,0.035680,0.071752,34.000000,71.000000,0.000000,0.000000,0.000000,0.000000
1781799717.221493975,2026-06-18T16:21:57+00:00,6.476,0.38,7783.762,7260.527,523.234,6.722,0.000,48.00,0.062248,0.001200,0.063448,109.000000,1.000000,0.000000,0.000000,0.000000,0.000000,0.036208,0.040320,0.076528,71.000000,38.000000,0.000000,0.000000,0.000000,0.000000,0.031984,0.028240,0.060224,31.000000,56.000000,0.000000,0.000000,0.000000,0.000000
1781799718.383303597,2026-06-18T16:21:58+00:00,4.338,0.38,7783.762,7260.492,523.270,6.723,0.000,48.00,0.056616,0.001536,0.058152,97.000000,2.000000,0.000000,0.000000,0.000000,0.000000,0.035024,0.036216,0.071240,65.000000,35.000000,0.000000,0.000000,0.000000,0.000000,0.036080,0.035024,0.071104,34.000000,65.000000,0.000000,0.000000,0.000000,0.000000
1781799719.552182883,2026-06-18T16:21:59+00:00,4.516,0.43,7783.762,7258.668,525.094,6.746,0.000,49.00,0.049152,0.001200,0.050352,80.000000,1.000000,0.000000,0.000000,0.000000,0.000000,0.027760,0.033224,0.060984,55.000000,29.000000,0.000000,0.000000,0.000000,0.000000,0.030624,0.026704,0.057328,27.000000,53.000000,0.000000,0.000000,0.000000,0.000000
1781799720.872776704,2026-06-18T16:22:00+00:00,6.692,0.43,7783.762,7259.418,524.344,6.736,0.000,48.00,0.055976,0.001200,0.057176,94.000000,1.000000,0.000000,0.000000,0.000000,0.000000,0.032944,0.031136,0.064080,61.000000,31.000000,0.000000,0.000000,0.000000,0.000000,0.029936,0.031936,0.061872,30.000000,59.000000,0.000000,0.000000,0.000000,0.000000
1781799722.023847863,2026-06-18T16:22:02+00:00,3.712,0.43,7783.762,7260.438,523.324,6.723,0.000,48.00,0.052208,0.001200,0.053408,90.000000,1.000000,0.000000,0.000000,0.000000,0.000000,0.031120,0.033504,0.064624,63.000000,31.000000,0.000000,0.000000,0.000000,0.000000,0.034000,0.031696,0.065696,31.000000,63.000000,0.000000,0.000000,0.000000,0.000000
